"fire_name","fire_year","fire_date","date_pre_fire_imagery","date_post_fire_imagery"
"MARY",1984,"28-May-1984",NA,"2025"
"BLACKBRUSH",1987,"01-Sep-1987",NA,"2021; 2025"
"JOSHUA",1989,"19-Jun-1989",NA,"2021"
"Beacon",1993,"12-Aug-1993",NA,"2015; 2025"
"Bunker",1993,"09-Aug-1993",NA,"2015; 2025"
"JOSHUA",1994,"31-May-1994",NA,NA
"QUAIL",2012,"11-Aug-2012","16-Sep-2011; 23-Aug-2011","24-May-2025; 11-Jun-2021; 24-Aug-2018"
"CAHUILA",2017,"16-Jun-2017","01-Jan-2015; 04-Sep-2016","13-Jun-2017; 27-Dec-2017; 25-Aug-2018; 30-May-2022; 02-Oct-2022; 14-Mar-2025"
"STAR",2019,"24-Aug-2019","02-Jul-2016","27-Mar-2021"
"COLES FLAT",2020,"21-Aug-2020","01-Jul-2017","04-May-2024"
"DOME",2020,"14-Aug-2020","02-Jul-2016","27-Mar-2021; 17-Jul-2023; 17-Jun-2024"
"IVANPAH",2020,"21-Jun-2020","18-Nov-2017; 24-May-2018","28-Mar-2021; 17-Jul-2023"
"NADEAU",2020,"28-Jul-2020","01-Jul-2017","22-Nov-2023"
"MOJAVE",2021,"16-Jun-2021","27-Mar-2021; 02-Jul-2016","17-Jul-2023"
"POND",2021,"29-Aug-2021","28-Mar-2021","17-Jul-2023"
"ELK TRAIL",2022,"25-May-2022","12-Dec-2019; 11-Jun-2021","24-May-2025; 14-Mar-2026"
"SHEEP",2022,"11-Jun-2022","30-May-2022","19-May-2023; 16-Jun-2025"
"BOULEVARD",2023,"03-Aug-2023","29-Apr-2017","16-Sep-2023"
"GEOLOGY",2023,"09-Jun-2023","11-Jun-2021; 11-Dec-2019; 17-Feb-2018","24-May-2025"
"YORK",2023,"27-Jul-2023","18-Nov-2017; 28-Mar-2021","27-Oct-2023"
"CAL",2024,"08-Aug-2024","29-Apr-2017; 25-Jan-2023","23-Apr-2025"
"JOHNSON",2024,"27-Aug-2024","2022","23-May-2025"
