"id","location_srs","location_x","location_y","operator","actively_saved","actively_saved_on_year","actively_saved_on_month","actively_saved_on_day","plot_file","fire_name","fire_date","jt_pre_fire","pre_confidence","pre_vegetation_cover","jt_post_fire","post_confidence","post_vegetation_cover","comments","plot_unsuitable"
"johnson_2024_outside_02","EPSG:4326","-117.5610568","34.402634","mayazomer","false","2026","7","6","placemark.csv",,,,,,,,,,
"johnson_2024_outside_03","EPSG:4326","-117.560624","34.4012916","mayazomer","true","2026","7","6","placemark.csv",,,"1",,,"1",,,,
"johnson_2024_inside_03","EPSG:4326","-117.5596905","34.4015902","mayazomer","false","2026","7","6","placemark.csv",,,,,,,,,,
"johnson_2024_outside_01","EPSG:4326","-117.5608858","34.4020233","mayazomer","false","2026","7","7","placemark.csv",,,"1",,,,,,,
"johnson_2024_inside_01","EPSG:4326","-117.5599807","34.4021494","mayazomer","false","2026","7","7","placemark.csv",,,,,,,,,,
"york_2023_inside_02","EPSG:4326","-115.1508523","35.2832422","mayazomer","false","2026","7","8","placemark.csv",,,,,,,,,,
"johnson_2024_outside_02","EPSG:4326","-117.5610568","34.402634","mayazomer","false","2026","7","8","placemark.csv","JOHNSON","2024-08-27",,,,,,,,
"geology_2023_outside_03","EPSG:4326","-116.0499512","33.9154522","mayazomer","false","2026","7","8","placemark.csv","GEOLOGY","2023-06-09",,,,,,,,
"york_2023_outside_05","EPSG:4326","-115.15317","35.280228","mayazomer","true","2026","7","15","placemark.csv","YORK","27-Jul-2023",,,,,,,"no post-fire imagery","unsuitable"
"geology_2023_outside_03","EPSG:4326","-116.0499512","33.9154522","mayazomer","true","2026","7","16","placemark.csv","GEOLOGY","09-Jun-2023",,,,,,,"I think this pair may not have any joshua trees. Maybe this site has one?","unsuitable"
"geology_2023_inside_03","EPSG:4326","-116.0489687","33.9152063","mayazomer","true","2026","7","16","placemark.csv","GEOLOGY","09-Jun-2023",,,,,,,"I think this pair may not have any joshua trees","unsuitable"
"johnson_2024_inside_04","EPSG:4326","-117.5582245","34.398781","mayazomer","true","2026","7","15","placemark.csv","JOHNSON","27-Aug-2024","18","medium","medium","0","low","low","I see shadows in post-fire image, but looks like trees could be dead?",
"johnson_2024_outside_04","EPSG:4326","-117.5589858","34.398241","mayazomer","true","2026","7","15","placemark.csv","JOHNSON","27-Aug-2024","17","low",,"17","low","medium","look at image and large joshua tree just outside border - are all of these joshua trees?",
"york_2023_inside_09","EPSG:4326","-115.1864078","35.3276146","mayazomer","true","2026","7","9","placemark.csv","YORK","27-Jul-2023","10","medium","medium","4","low","low","imagery 3 months post-fire, a few trees still seem to have volume, but perhaps are standing dead ",
"york_2023_inside_12","EPSG:4326","-115.1963804","35.3247407","mayazomer","true","2026","7","9","placemark.csv","YORK","27-Jul-2023","19","medium","medium","0","low","low","post-fire imagery october 2023 - only 3 months after fire",
"york_2023_inside_04","EPSG:4326","-115.1511942","35.2814342","mayazomer","true","2026","7","15","placemark.csv","YORK","27-Jul-2023",,,,,,,"no post-fire imagery. last image 17 july 2023","unsuitable"
"elk_trail_2022_inside_01","EPSG:4326","-116.4263612","34.0742981","mayazomer","true","2026","7","16","placemark.csv","ELK TRAIL","25-May-2022","15","high","high","0","high","low",,
"mojave_2021_inside_01","EPSG:4326","-115.7485518","35.3614351","mayazomer","true","2026","7","16","placemark.csv","MOJAVE","16-Jun-2021","16","high",,"0","high","low",,
"nadeau_2020_inside_02","EPSG:4326","-117.4713598","36.048363","mayazomer","true","2026","7","17","placemark.csv","NADEAU","28-Jul-2020","8","medium","medium","0",,"low","post-fire part of plot is unburned. can't' really tell if trees are dead or not",
"cahuila_2017_inside_04","EPSG:4326","-117.0403673","34.5082801","mayazomer","true","2026","7","18","placemark.csv","CAHUILA","16-Jun-2017","3","high","low","0","high","low",,
"mojave_2021_outside_03","EPSG:4326","-115.7404014","35.3837973","mayazomer","true","2026","7","16","placemark.csv","MOJAVE","16-Jun-2021","4","high","medium","4","medium","medium",,
"mojave_2021_outside_05","EPSG:4326","-115.7394966","35.3833825","mayazomer","true","2026","7","16","placemark.csv","MOJAVE","16-Jun-2021","6","high",,"4","medium","medium",,
"mojave_2021_inside_05","EPSG:4326","-115.7397003","35.3825439","mayazomer","true","2026","7","16","placemark.csv","MOJAVE","16-Jun-2021","6","high","medium","2","high","low",,
"johnson_2024_outside_02","EPSG:4326","-117.5610568","34.402634","mayazomer","true","2026","7","18","placemark.csv","JOHNSON","27-Aug-2024","15","low","medium","15","low","medium","are all of these joshua trees or other species? I think they are less green than others, but I'm not sure about some of the larger ones",
"johnson_2024_inside_02","EPSG:4326","-117.5600961","34.4027366","mayazomer","true","2026","7","15","placemark.csv","JOHNSON","27-Aug-2024","4","high","medium","3","medium","low",,
"johnson_2024_inside_03","EPSG:4326","-117.5596905","34.4015902","mayazomer","true","2026","7","15","placemark.csv","JOHNSON","27-Aug-2024","38","medium","high","0","high","low",,
"johnson_2024_outside_01","EPSG:4326","-117.5608858","34.4020233","mayazomer","true","2026","7","15","placemark.csv","JOHNSON","27-Aug-2024","8","high","medium","8","medium","medium",,
"johnson_2024_inside_01","EPSG:4326","-117.5599807","34.4021494","mayazomer","true","2026","7","15","placemark.csv","JOHNSON","27-Aug-2024","30","medium","medium","1","medium","low","are these all joshua trees? ",
"cal_2024_inside_01","EPSG:4326","-118.3607015","35.0269992","mayazomer","true","2026","7","9","placemark.csv","CAL","08-Aug-2024","3","high","high","0","high","low",,
"cal_2024_inside_02","EPSG:4326","-118.3593266","35.0253859","mayazomer","true","2026","7","9","placemark.csv","CAL","08-Aug-2024","3","low","high","0","high","low","pre-fire looks like patches lighter coloured trees with shadows, but more like juveniles than adults?",
"york_2023_inside_01","EPSG:4326","-115.1544347","35.2819368","mayazomer","true","2026","7","15","placemark.csv","YORK","27-Jul-2023","11","low","medium",,"low",,"no post-fire imagery? fire was 27 july 2023 and most recent imagery is 17 july 2023 ","unsuitable"
"york_2023_outside_01","EPSG:4326","-115.1541273","35.2811198","mayazomer","true","2026","7","15","placemark.csv","YORK","27-Jul-2023",,,,,,,"no post-fire imagery","unsuitable"
"york_2023_inside_15","EPSG:4326","-115.2020759","35.3183988","mayazomer","true","2026","7","15","placemark.csv","YORK","27-Jul-2023","33","medium","medium","4","low","low","maybe 4 alive (more volume) but probably standing dead? so possibly 0",
"york_2023_outside_04","EPSG:4326","-115.1502065","35.2817082","mayazomer","true","2026","7","15","placemark.csv","YORK","27-Jul-2023",,,,,,,"no post-fire imagery. last image 17 july 2023","unsuitable"
"york_2023_inside_03","EPSG:4326","-115.1548614","35.2803362","mayazomer","true","2026","7","15","placemark.csv","YORK","27-Jul-2023",,,,,,,"no post-fire imagery","unsuitable"
"johnson_2024_inside_06","EPSG:4326","-117.5592163","34.402591","mayazomer","true","2026","7","15","placemark.csv","JOHNSON","27-Aug-2024","20","low","medium","0","high","low","Not sure if pre-count are joshua trees or other trees? No images with clear shadows, so went by colour (less green)",
"boulevard_2023_inside_01","EPSG:4326","-118.2959559","35.094923","mayazomer","true","2026","7","16","placemark.csv","BOULEVARD","03-Aug-2023","6","medium","high","3","medium","low","pre-imagery joshua trees are very large and difficult to tell if it's one tree or multiple in a group. put high veg cover because has a few scattered other trees, but not sure if it should be medium.",
"johnson_2024_inside_07","EPSG:4326","-117.5585817","34.401608","mayazomer","true","2026","7","15","placemark.csv","JOHNSON","27-Aug-2024","22","high","medium","0","high","low",,
"johnson_2024_outside_03","EPSG:4326","-117.560624","34.4012916","mayazomer","true","2026","7","15","placemark.csv","JOHNSON","27-Aug-2024","43","medium","medium","43","medium","medium",,
"johnson_2024_inside_05","EPSG:4326","-117.5596125","34.4038769","mayazomer","true","2026","7","15","placemark.csv","JOHNSON","27-Aug-2024","8","medium","medium","0","high","low","pre-fire veg cover as medium, because has some other tree species and the rest of the plot quite bare. In post-fire image can see that the road blocked fire and left some of the trees unburned. ",
"johnson_2024_inside_09","EPSG:4326","-117.5556727","34.3980501","mayazomer","true","2026","7","15","placemark.csv","JOHNSON","27-Aug-2024","3","medium","medium","0","low","low","again, see shadows but think trees look dead (black and less volume than unburned areas in same image)",
"johnson_2024_inside_08","EPSG:4326","-117.5576628","34.3981505","mayazomer","true","2026","7","15","placemark.csv","JOHNSON","27-Aug-2024","8","high","medium","0","low","low","See shadows of trees, but looks like they are probably dead",
"york_2023_outside_03","EPSG:4326","-115.1538588","35.2805709","mayazomer","true","2026","7","15","placemark.csv","YORK","27-Jul-2023",,,,,,,"no post-fire imagery","unsuitable"
"york_2023_inside_05","EPSG:4326","-115.1523397","35.2807452","mayazomer","true","2026","7","15","placemark.csv","YORK","27-Jul-2023",,,,,,,"no post-fire imagery","unsuitable"
"york_2023_outside_02","EPSG:4326","-115.150446","35.2824548","mayazomer","true","2026","7","15","placemark.csv","YORK","27-Jul-2023",,,,,,,"no post-fire imagery. last image 17 july 2023","unsuitable"
"york_2023_inside_02","EPSG:4326","-115.1508523","35.2832422","mayazomer","true","2026","7","15","placemark.csv","YORK","27-Jul-2023",,,,,,,"no post-fire imagery. last image 17 july 2023","unsuitable"
"york_2023_inside_13","EPSG:4326","-115.1750228","35.304925","mayazomer","true","2026","7","15","placemark.csv","YORK","27-Jul-2023",,,,,,,"right on edge of imagery. move north a little so fits fully within the post-fire image from 27 october 2023","unsuitable"
"york_2023_inside_14","EPSG:4326","-115.1914444","35.3042881","mayazomer","true","2026","7","15","placemark.csv","YORK","27-Jul-2023",,,,,,,"just below the border of the newer imagery . move a bit north so that fits inside of 10/27/2023 imagery","unsuitable"
"york_2023_inside_07","EPSG:4326","-115.1699479","35.3162495","mayazomer","true","2026","7","15","placemark.csv","YORK","27-Jul-2023","24","medium","medium","0","low","low","pre-fire looks like there may be juveniles or small trees, not sure if I counted them well. post-fire difficult to see if they are dead but look like have less volume ",
"york_2023_inside_11","EPSG:4326","-115.1768873","35.3296681","mayazomer","true","2026","7","15","placemark.csv","YORK","27-Jul-2023","28","medium","low","0",,"low",,
"york_2023_inside_08","EPSG:4326","-115.1786141","35.3277509","mayazomer","true","2026","7","15","placemark.csv","YORK","27-Jul-2023","15","high","low","0","medium","low","post fire difficult to tell, but look dead (less volume than outside imagery)",
"york_2023_inside_10","EPSG:4326","-115.184561","35.3297234","mayazomer","true","2026","7","15","placemark.csv","YORK","27-Jul-2023","27","high","medium","15","low","low","post-fire i'm not sure if they are dead or not. looks like possibly a ravine area with unburned trees. Colour is different and have more volume",
"york_2023_inside_06","EPSG:4326","-115.1929926","35.3169857","mayazomer","true","2026","7","15","placemark.csv","YORK","27-Jul-2023","25","medium","medium","0","medium","low","this postfire image seems more convincingly dead trees than the others in york fire",
"geology_2023_inside_01","EPSG:4326","-116.0367287","33.9068675","mayazomer","true","2026","7","15","placemark.csv","GEOLOGY","09-Jun-2023","20","medium","medium","0","high","low",,
"geology_2023_outside_01","EPSG:4326","-116.0357359","33.9066527","mayazomer","true","2026","7","16","placemark.csv","GEOLOGY","09-Jun-2023","12","medium","medium","12","medium","medium",,
"geology_2023_inside_02","EPSG:4326","-116.0470609","33.8945318","mayazomer","true","2026","7","16","placemark.csv","GEOLOGY","09-Jun-2023","11","medium",,"6","low","low","post-fire not sure if they are dead or not. next to plot there is a low intensity area (some shrubs surviving and trees have volume), so maybe should revise this.  ",
"geology_2023_outside_02","EPSG:4326","-116.0465586","33.8937861","mayazomer","true","2026","7","16","placemark.csv","GEOLOGY","09-Jun-2023","12","medium",,"12","medium","medium",,
"geology_2023_inside_04","EPSG:4326","-116.0481703","33.9165654","mayazomer","true","2026","7","16","placemark.csv","GEOLOGY","09-Jun-2023",,,,,,,"trees or rocks? ","unsuitable"
"geology_2023_outside_04","EPSG:4326","-116.0487482","33.917272","mayazomer","true","2026","7","16","placemark.csv","GEOLOGY","09-Jun-2023","5","low","low","5","low","low","not sure these are joshua trees","unsuitable"
"geology_2023_inside_07","EPSG:4326","-116.0464805","33.915685","mayazomer","true","2026","7","16","placemark.csv","GEOLOGY","09-Jun-2023",,,,,,,"not sure there are joshua trees","unsuitable"
"geology_2023_inside_05","EPSG:4326","-116.052628","33.9076749","mayazomer","true","2026","7","16","placemark.csv","GEOLOGY","09-Jun-2023","5","medium","medium","2","medium","low",,
"geology_2023_outside_05","EPSG:4326","-116.0535172","33.9081012","mayazomer","true","2026","7","16","placemark.csv","GEOLOGY","09-Jun-2023","6","high","medium","6","medium","medium",,
"geology_2023_inside_06","EPSG:4326","-116.037592","33.9110145","mayazomer","true","2026","7","16","placemark.csv","GEOLOGY","09-Jun-2023","4","medium","medium","0","medium","low","post-fire see shadows, but don't have volume like other surviving trees just outside of plot",
"geology_2023_inside_09","EPSG:4326","-116.0386732","33.9105563","shared","true","2026","7","23","placemark.csv","GEOLOGY","09-Jun-2023","4","medium","medium","0","medium","low","shared resolved",
"geology_2023_inside_08","EPSG:4326","-116.0438263","33.9099354","mayazomer","true","2026","7","16","placemark.csv","GEOLOGY","09-Jun-2023","11","medium",,"2","medium",,"prefire count from 8/26/2018 image. post-fire surviving trees could be 2 or 3?",
"geology_2023_inside_10","EPSG:4326","-116.0502071","33.8972853","mayazomer","true","2026","7","16","placemark.csv","GEOLOGY","09-Jun-2023","4","medium","medium","1","medium","low","pre fire from 2018 and 2019.",
"geology_2023_inside_11","EPSG:4326","-116.042276","33.9133375","shared","true","2026","7","23","placemark.csv","GEOLOGY","09-Jun-2023","5","high","medium","5","medium","low","shared resolved",
"geology_2023_inside_12","EPSG:4326","-116.0414765","33.9050649","mayazomer","true","2026","7","16","placemark.csv","GEOLOGY","09-Jun-2023","11","medium","medium","2","low","low","maybe 2 or 3 that still have volume and may still be alive?",
"geology_2023_inside_13","EPSG:4326","-116.0457193","33.8961282","shared","true","2026","7","23","placemark.csv","GEOLOGY","09-Jun-2023","6","medium","medium","3",,"low","shared resolved",
"geology_2023_inside_14","EPSG:4326","-116.0474464","33.8956297","shared","true","2026","7","23","placemark.csv","GEOLOGY","09-Jun-2023","4","medium","medium","1","medium","medium","shared resolved",
"geology_2023_inside_15","EPSG:4326","-116.0444572","33.908507","shared","true","2026","7","23","placemark.csv","GEOLOGY","09-Jun-2023","2","medium","medium","2","medium","low","shared resolved",
"boulevard_2023_outside_01","EPSG:4326","-118.2956597","35.0956656","mayazomer","true","2026","7","16","placemark.csv","BOULEVARD","03-Aug-2023","13","medium","high","13","medium","high",,
"sheep_2022_inside_01","EPSG:4326","-117.6111513","34.3694971","mayazomer","true","2026","7","16","placemark.csv","SHEEP","11-Jun-2022","11","high","high","0","high","low",,
"sheep_2022_inside_02","EPSG:4326","-117.6137105","34.3658386","mayazomer","true","2026","7","16","placemark.csv","SHEEP","11-Jun-2022","4","medium","high","0","high","low","pre fire- definitely 3, but think there is a fourth in bottom left corner",
"sheep_2022_inside_03","EPSG:4326","-117.6105274","34.3731594","mayazomer","true","2026","7","16","placemark.csv","SHEEP","11-Jun-2022","19","medium","high","0","high","low","pre imagery 2018 clear and post-fire imagery 2023 clear",
"sheep_2022_inside_04","EPSG:4326","-117.610301","34.3672417","mayazomer","true","2026","7","16","placemark.csv","SHEEP","11-Jun-2022","21","medium","high","0","high","low","pre imagery 2018 helpful",
"elk_trail_2022_inside_04","EPSG:4326","-116.427763","34.073975","mayazomer","true","2026","7","16","placemark.csv","ELK TRAIL","25-May-2022","27","high","medium","0",,"low",,
"elk_trail_2022_outside_01","EPSG:4326","-116.4260457","34.0735551","mayazomer","true","2026","7","16","placemark.csv","ELK TRAIL","25-May-2022","5","medium","high","5","medium","high","pre-fire definitely four but think there is a fifth at top (inbetween others)",
"elk_trail_2022_outside_04","EPSG:4326","-116.4272199","34.0732485","mayazomer","true","2026","7","16","placemark.csv","ELK TRAIL","25-May-2022","2","medium","high","2",,"high",,
"elk_trail_2022_inside_12","EPSG:4326","-116.429072","34.073836","mayazomer","true","2026","7","16","placemark.csv","ELK TRAIL","25-May-2022","23","high","medium","2","high","low","fire blocked by road and 2 trees and shrubs surviving (med veg coverin 1/4 of patch) ",
"elk_trail_2022_outside_02","EPSG:4326","-116.4430346","34.0837054","mayazomer","true","2026","7","16","placemark.csv","ELK TRAIL","25-May-2022","9","high","high","9","medium","high","pre-fire 2018 image hepful",
"elk_trail_2022_inside_02","EPSG:4326","-116.442382","34.083045","mayazomer","true","2026","7","16","placemark.csv","ELK TRAIL","25-May-2022","12","medium","high","0","high","low",,
"elk_trail_2022_inside_14","EPSG:4326","-116.4415499","34.0838333","shared","true","2026","7","23","placemark.csv","ELK TRAIL","25-May-2022","12","medium","high","2","low","low","shared resolved",
"elk_trail_2022_outside_03","EPSG:4326","-116.4432427","34.0806119","mayazomer","true","2026","7","16","placemark.csv","ELK TRAIL","25-May-2022","17","medium","high","17","medium","high",,
"elk_trail_2022_inside_03","EPSG:4326","-116.442314","34.080978","mayazomer","true","2026","7","16","placemark.csv","ELK TRAIL","25-May-2022","14","medium","high","1","high","low",,
"elk_trail_2022_inside_05","EPSG:4326","-116.43635","34.07705","mayazomer","true","2026","7","16","placemark.csv","ELK TRAIL","25-May-2022","15","medium","high","2","high","low",,
"elk_trail_2022_inside_06","EPSG:4326","-116.4349","34.076261","mayazomer","true","2026","7","16","placemark.csv","ELK TRAIL","25-May-2022","20","medium","high","6","medium","low","post fire trees alive near road",
"elk_trail_2022_inside_08","EPSG:4326","-116.439564","34.07795","mayazomer","true","2026","7","16","placemark.csv","ELK TRAIL","25-May-2022","17","medium","high","0","high","low",,
"elk_trail_2022_inside_07","EPSG:4326","-116.4384","34.077075","mayazomer","true","2026","7","16","placemark.csv","ELK TRAIL","25-May-2022","11","medium","high","0","high","low",,
"elk_trail_2022_inside_09","EPSG:4326","-116.433991","34.076101","mayazomer","true","2026","7","16","placemark.csv","ELK TRAIL","25-May-2022","15","high","high","3","medium","low","2019 imagery useful for pre-fire. at least 3 trees alive post-fire near some type of road",
"elk_trail_2022_inside_13","EPSG:4326","-116.435606","34.075497","mayazomer","true","2026","7","16","placemark.csv","ELK TRAIL","25-May-2022","12","medium","high","0","high","low",,
"elk_trail_2022_inside_10","EPSG:4326","-116.426269","34.080636","mayazomer","true","2026","7","16","placemark.csv","ELK TRAIL","25-May-2022","11","medium","high","0","high","low",,
"elk_trail_2022_inside_11","EPSG:4326","-116.423447","34.077258","mayazomer","true","2026","7","16","placemark.csv","ELK TRAIL","25-May-2022","7","medium","high","0","high","low",,
"elk_trail_2022_inside_15","EPSG:4326","-116.441036","34.079578","mayazomer","true","2026","7","16","placemark.csv","ELK TRAIL","25-May-2022","17","medium","high","0","high","low",,
"mojave_2021_outside_01","EPSG:4326","-115.7495754","35.3612685","mayazomer","true","2026","7","16","placemark.csv","MOJAVE","16-Jun-2021","11","high","medium","11","low","medium","hard to count in post-fire imagery",
"mojave_2021_inside_02","EPSG:4326","-115.7544445","35.3658396","mayazomer","true","2026","7","16","placemark.csv","MOJAVE","16-Jun-2021","5","high","medium","3","low","low","post fire not sure if alive",
"mojave_2021_outside_02","EPSG:4326","-115.7539545","35.3650847","mayazomer","true","2026","7","16","placemark.csv","MOJAVE","16-Jun-2021","12","medium","medium","12","medium","medium",,
"mojave_2021_inside_03","EPSG:4326","-115.7412882","35.3833462","mayazomer","true","2026","7","16","placemark.csv","MOJAVE","16-Jun-2021","8","medium","medium","1","low","low",,
"mojave_2021_inside_04","EPSG:4326","-115.7423456","35.3648476","mayazomer","true","2026","7","16","placemark.csv","MOJAVE","16-Jun-2021","1","high","medium","0","high","medium",,
"mojave_2021_outside_04","EPSG:4326","-115.7413374","35.3650688","mayazomer","true","2026","7","16","placemark.csv","MOJAVE","16-Jun-2021",,,,,,,"no joshua trees. many just around borders, so move a little ","unsuitable"
"mojave_2021_inside_07","EPSG:4326","-115.7448437","35.367926","mayazomer","true","2026","7","16","placemark.csv","MOJAVE","16-Jun-2021","5","high","medium","2","medium","medium",,
"mojave_2021_inside_06","EPSG:4326","-115.7376396","35.3767727","mayazomer","true","2026","7","16","placemark.csv","MOJAVE","16-Jun-2021","5","high","medium","4","high","low","I'm not sure if post-fire veg cover is medium or if marks are all burned shrubs",
"mojave_2021_inside_08","EPSG:4326","-115.7335269","35.3496219","mayazomer","true","2026","7","16","placemark.csv","MOJAVE","16-Jun-2021","12","medium","medium","0","high","low",,
"mojave_2021_inside_11","EPSG:4326","-115.7345325","35.3714279","mayazomer","true","2026","7","16","placemark.csv","MOJAVE","16-Jun-2021","6","medium","high","0","high","low",,
"mojave_2021_inside_09","EPSG:4326","-115.7347099","35.3705596","mayazomer","true","2026","7","16","placemark.csv","MOJAVE","16-Jun-2021","47","low","medium","0","high","low","pre-fire, are all those joshua trees?",
"mojave_2021_inside_10","EPSG:4326","-115.7371933","35.3748066","mayazomer","true","2026","7","16","placemark.csv","MOJAVE","16-Jun-2021","8","high","medium","7","medium","low",,
"mojave_2021_inside_12","EPSG:4326","-115.7345994","35.356574","mayazomer","true","2026","7","16","placemark.csv","MOJAVE","16-Jun-2021","6","high","medium","0","high","low",,
"mojave_2021_inside_13","EPSG:4326","-115.7452714","35.3694444","mayazomer","true","2026","7","16","placemark.csv","MOJAVE","16-Jun-2021","4","high","medium","0","high","low","maybe high veg cover pre-fire but the trees are near a road ?",
"mojave_2021_inside_14","EPSG:4326","-115.7400389","35.3736894","mayazomer","true","2026","7","16","placemark.csv","MOJAVE","16-Jun-2021","6",,"medium","1","medium","low",,
"mojave_2021_inside_15","EPSG:4326","-115.7494592","35.3766477","mayazomer","true","2026","7","16","placemark.csv","MOJAVE","16-Jun-2021","7","medium","medium","1","medium","low",,
"pond_2021_inside_01","EPSG:4326","-115.1494644","35.2502576","mayazomer","true","2026","7","16","placemark.csv","POND","29-Aug-2021","18","high","high","0","high","low",,
"pond_2021_outside_01","EPSG:4326","-115.1484657","35.2505017","mayazomer","true","2026","7","16","placemark.csv","POND","29-Aug-2021","13","low","high","13","medium","high","pre-fire there are shadows in the left bottom corner that i'm not sure if they are joshua trees or not",
"pond_2021_inside_02","EPSG:4326","-115.1516663","35.2557017","mayazomer","true","2026","7","16","placemark.csv","POND","29-Aug-2021","10","medium","medium","0","high","low","post-fire can see black outlines of trees but no volume ",
"pond_2021_outside_02","EPSG:4326","-115.1507688","35.2561363","mayazomer","true","2026","7","16","placemark.csv","POND","29-Aug-2021","12",,"medium","12","medium","medium",,
"pond_2021_inside_03","EPSG:4326","-115.1533796","35.2585338","mayazomer","true","2026","7","16","placemark.csv","POND","29-Aug-2021","18","high","medium","0","high","low",,
"pond_2021_outside_03","EPSG:4326","-115.1524248","35.2588765","mayazomer","true","2026","7","16","placemark.csv","POND","29-Aug-2021","18","high","medium","18","medium","medium",,
"pond_2021_inside_04","EPSG:4326","-115.1593029","35.2635338","mayazomer","true","2026","7","16","placemark.csv","POND","29-Aug-2021","8","medium","medium","0","high","low",,
"pond_2021_outside_04","EPSG:4326","-115.1589299","35.2643322","mayazomer","true","2026","7","16","placemark.csv","POND","29-Aug-2021","3","low","medium","3","low","medium",,
"pond_2021_inside_05","EPSG:4326","-115.1554925","35.2519144","mayazomer","true","2026","7","16","placemark.csv","POND","29-Aug-2021","16","high","medium","0","high","low",,
"pond_2021_outside_05","EPSG:4326","-115.1561638","35.2512603","mayazomer","true","2026","7","16","placemark.csv","POND","29-Aug-2021","8","medium","medium","8","high","medium",,
"pond_2021_inside_06","EPSG:4326","-115.1664386","35.2628169","mayazomer","true","2026","7","16","placemark.csv","POND","29-Aug-2021","6","high","medium","0","low","low","is there one tree surviving?",
"pond_2021_inside_13","EPSG:4326","-115.1670741","35.2615302","mayazomer","true","2026","7","16","placemark.csv","POND","29-Aug-2021","7","high","medium","0","high","low",,
"pond_2021_inside_07","EPSG:4326","-115.156043","35.2608489","mayazomer","true","2026","7","16","placemark.csv","POND","29-Aug-2021","11","high","medium","0","high","low",,
"pond_2021_inside_08","EPSG:4326","-115.15546","35.2588921","mayazomer","true","2026","7","16","placemark.csv","POND","29-Aug-2021","8","low","high","0","high","low",,
"pond_2021_inside_09","EPSG:4326","-115.1632859","35.2630013","mayazomer","true","2026","7","16","placemark.csv","POND","29-Aug-2021","1","medium","medium","0","high","low",,
"pond_2021_inside_10","EPSG:4326","-115.1594581","35.2551647","mayazomer","true","2026","7","16","placemark.csv","POND","29-Aug-2021","13","high","medium","0","high","low",,
"pond_2021_inside_11","EPSG:4326","-115.1608474","35.2557853","mayazomer","true","2026","7","16","placemark.csv","POND","29-Aug-2021","7","high","medium","0","high","low",,
"pond_2021_inside_12","EPSG:4326","-115.1606075","35.26199","mayazomer","true","2026","7","16","placemark.csv","POND","29-Aug-2021","4","high","high","0","high","low",,
"pond_2021_inside_14","EPSG:4326","-115.1545619","35.2568575","mayazomer","true","2026","7","16","placemark.csv","POND","29-Aug-2021","9","high","medium","0","high","low",,
"pond_2021_inside_15","EPSG:4326","-115.1688811","35.2650576","mayazomer","true","2026","7","16","placemark.csv","POND","29-Aug-2021","8","medium","medium","0","high","low",,
"dome_2020_outside_01","EPSG:4326","-115.5284768","35.2480176","mayazomer","true","2026","7","16","placemark.csv","DOME","14-Aug-2020","11","medium","medium","11","medium","medium",,
"dome_2020_inside_01","EPSG:4326","-115.528734","35.2488459","mayazomer","true","2026","7","16","placemark.csv","DOME","14-Aug-2020","12","medium","medium","0","high","low","can see dead trees on ground",
"dome_2020_outside_02","EPSG:4326","-115.5267609","35.248317","mayazomer","true","2026","7","16","placemark.csv","DOME","14-Aug-2020","10","medium","medium","10",,"medium",,
"dome_2020_inside_02","EPSG:4326","-115.5266972","35.2491702","mayazomer","true","2026","7","16","placemark.csv","DOME","14-Aug-2020","11","low","medium","0","high","low",,
"dome_2020_inside_03","EPSG:4326","-115.5094463","35.2450384","mayazomer","true","2026","7","16","placemark.csv","DOME","14-Aug-2020","8","medium","medium","0",,"low",,
"dome_2020_outside_03","EPSG:4326","-115.5097406","35.2442183","mayazomer","true","2026","7","16","placemark.csv","DOME","14-Aug-2020","13","medium","medium","13","medium","medium",,
"dome_2020_inside_04","EPSG:4326","-115.5356461","35.3719517","mayazomer","true","2026","7","17","placemark.csv","DOME","14-Aug-2020","8","high","medium","1","high","low","post-fire seems like small unburned patch with a surviving joshua tree",
"dome_2020_outside_04","EPSG:4326","-115.5347265","35.3715474","mayazomer","true","2026","7","17","placemark.csv","DOME","14-Aug-2020","7","medium","medium","7","medium","medium",,
"dome_2020_outside_05","EPSG:4326","-115.6637314","35.2552384","mayazomer","true","2026","7","17","placemark.csv","DOME","14-Aug-2020","28","medium","medium","28","medium","medium",,
"dome_2020_inside_05","EPSG:4326","-115.6633666","35.2560393","mayazomer","true","2026","7","17","placemark.csv","DOME","14-Aug-2020","7","low","medium","0","high","low","prefire- tried to count by shadows with volume above",
"dome_2020_inside_06","EPSG:4326","-115.5771932","35.2840533","mayazomer","true","2026","7","17","placemark.csv","DOME","14-Aug-2020",,,,,,,"no joshua trees? interesting unburned patch within fire with other tree species","unsuitable"
"dome_2020_inside_07","EPSG:4326","-115.5290412","35.2715599","mayazomer","true","2026","7","17","placemark.csv","DOME","14-Aug-2020","6","medium","medium","0","high","low",,
"dome_2020_inside_08","EPSG:4326","-115.5031753","35.2892861","mayazomer","true","2026","7","17","placemark.csv","DOME","14-Aug-2020","3","low","medium","0","high","low","pre-fire imagery isn't very clear. ",
"dome_2020_inside_09","EPSG:4326","-115.6587435","35.2961985","mayazomer","true","2026","7","17","placemark.csv","DOME","14-Aug-2020","21","high","medium","0","high","low",,
"dome_2020_inside_10","EPSG:4326","-115.6096871","35.3273617","mayazomer","true","2026","7","17","placemark.csv","DOME","14-Aug-2020","11","low",,"0","high","low","pre-fire , maybe more trees - there are more shadows but couldn't the shape",
"dome_2020_inside_11","EPSG:4326","-115.6032664","35.2785834","mayazomer","true","2026","7","17","placemark.csv","DOME","14-Aug-2020","4","low","high","0","high","low","pre-fire maybe more trees",
"dome_2020_inside_12","EPSG:4326","-115.5438489","35.2441107","mayazomer","true","2026","7","17","placemark.csv","DOME","14-Aug-2020","22","medium","medium","0","high","low",,
"dome_2020_inside_13","EPSG:4326","-115.6318877","35.2718899","mayazomer","true","2026","7","17","placemark.csv","DOME","14-Aug-2020","6","low","medium","0","high","low",,
"dome_2020_inside_14","EPSG:4326","-115.52066","35.3302676","mayazomer","true","2026","7","17","placemark.csv","DOME","14-Aug-2020",,,,,,,"mostly rock","unsuitable"
"dome_2020_inside_15","EPSG:4326","-115.5586955","35.3340398","mayazomer","true","2026","7","17","placemark.csv","DOME","14-Aug-2020","10","medium","high","0","high","low",,
"nadeau_2020_inside_01","EPSG:4326","-117.4598391","36.0387271","mayazomer","true","2026","7","17","placemark.csv","NADEAU","28-Jul-2020","16","high","medium","0","high","low",,
"nadeau_2020_outside_01","EPSG:4326","-117.4599844","36.0379954","mayazomer","true","2026","7","17","placemark.csv","NADEAU","28-Jul-2020","9","medium",,"9","medium","medium",,
"nadeau_2020_outside_02","EPSG:4326","-117.472272","36.0485933","mayazomer","true","2026","7","17","placemark.csv","NADEAU","28-Jul-2020","7","low","low","7","low","medium","hard to see trees",
"nadeau_2020_inside_04","EPSG:4326","-117.4705994","36.048783","mayazomer","true","2026","7","17","placemark.csv","NADEAU","28-Jul-2020","11","high","medium","0","low","low",,
"nadeau_2020_outside_04","EPSG:4326","-117.471697","36.0494992","mayazomer","true","2026","7","17","placemark.csv","NADEAU","28-Jul-2020","7","low","medium","7","low","medium","prefire is difficult to count and can't really tell in postfire either",
"nadeau_2020_inside_05","EPSG:4326","-117.470863","36.0472165","mayazomer","true","2026","7","17","placemark.csv","NADEAU","28-Jul-2020","9","high","medium","0","medium","low",,
"nadeau_2020_inside_07","EPSG:4326","-117.4689923","36.0473266","mayazomer","true","2026","7","17","placemark.csv","NADEAU","28-Jul-2020","9","high","medium","2","medium","low",,
"nadeau_2020_inside_06","EPSG:4326","-117.4696573","36.0466819","mayazomer","true","2026","7","17","placemark.csv","NADEAU","28-Jul-2020","7","high","medium","1","medium","low",,
"nadeau_2020_inside_08","EPSG:4326","-117.4672932","36.0478263","mayazomer","true","2026","7","17","placemark.csv","NADEAU","28-Jul-2020","13","medium","medium","0","high","low",,
"nadeau_2020_outside_03","EPSG:4326","-117.4550571","36.0420048","mayazomer","true","2026","7","17","placemark.csv","NADEAU","28-Jul-2020",,,,,,,"looks like half of plot was acctually burned (fire boundary slightly incorrect)","unsuitable"
"nadeau_2020_inside_03","EPSG:4326","-117.4558779","36.0426743","mayazomer","true","2026","7","17","placemark.csv","NADEAU","28-Jul-2020","7","medium","medium","0","medium","low",,
"nadeau_2020_inside_09","EPSG:4326","-117.4676923","36.0459949","mayazomer","true","2026","7","17","placemark.csv","NADEAU","28-Jul-2020","8","high","medium","2","medium","low",,
"nadeau_2020_inside_10","EPSG:4326","-117.4667109","36.045522","mayazomer","true","2026","7","17","placemark.csv","NADEAU","28-Jul-2020","4","medium","medium","0","high","low","difficult to count pre-fire. 3 or 4?",
"nadeau_2020_inside_11","EPSG:4326","-117.4649804","36.0460056","mayazomer","true","2026","7","17","placemark.csv","NADEAU","28-Jul-2020","9","medium","medium","0","high","low",,
"nadeau_2020_inside_12","EPSG:4326","-117.463984","36.0444473","mayazomer","true","2026","7","17","placemark.csv","NADEAU","28-Jul-2020","6","medium","medium","0","high","low","pre-fire lots of shadows not sure about. ",
"nadeau_2020_inside_13","EPSG:4326","-117.460552","36.0402919","mayazomer","true","2026","7","17","placemark.csv","NADEAU","28-Jul-2020","9","medium","medium","0","high","low","prefire lots of small shadows not sure about ",
"nadeau_2020_inside_14","EPSG:4326","-117.4635095","36.0390808","mayazomer","true","2026","7","17","placemark.csv","NADEAU","28-Jul-2020","9","high","medium","0","low","low","maybe 2 surviving postfire?",
"nadeau_2020_inside_15","EPSG:4326","-117.4658949","36.0424628","mayazomer","true","2026","7","17","placemark.csv","NADEAU","28-Jul-2020","13","medium","medium","0",,"low",,
"nadeau_2020_inside_16","EPSG:4326","-117.4752358","36.0273545","mayazomer","true","2026","7","17","placemark.csv","NADEAU","28-Jul-2020","11","medium","medium","0","high","low",,
"nadeau_2020_inside_17","EPSG:4326","-117.4775614","36.0310552","mayazomer","true","2026","7","17","placemark.csv","NADEAU","28-Jul-2020","13","high","medium","2","medium","low",,
"ivanpah_2020_outside_01","EPSG:4326","-115.1905441","35.2034069","mayazomer","true","2026","7","17","placemark.csv","IVANPAH","21-Jun-2020","14","high","medium","14","high","medium",,
"ivanpah_2020_inside_01","EPSG:4326","-115.1907748","35.2025733","mayazomer","true","2026","7","17","placemark.csv","IVANPAH","21-Jun-2020","4","low","medium","5","medium","medium","unburned in part of the patch",
"ivanpah_2020_inside_02","EPSG:4326","-115.1782682","35.2003174","mayazomer","true","2026","7","17","placemark.csv","IVANPAH","21-Jun-2020","8","medium","medium","8","medium","medium","mostly unburned. could replace with other loctation or keep for 'low intensity'","unsuitable"
"ivanpah_2020_outside_02","EPSG:4326","-115.1781127","35.2011626","mayazomer","true","2026","7","17","placemark.csv","IVANPAH","21-Jun-2020","8","medium","medium","8","medium","medium",,
"ivanpah_2020_outside_03","EPSG:4326","-115.1879069","35.2003783","mayazomer","true","2026","7","17","placemark.csv","IVANPAH","21-Jun-2020","5","high","medium","5","medium","medium",,
"ivanpah_2020_inside_03","EPSG:4326","-115.1885472","35.1997041","mayazomer","true","2026","7","17","placemark.csv","IVANPAH","21-Jun-2020","6","medium","medium","2","medium","medium","half of patch seems unburned",
"ivanpah_2020_inside_04","EPSG:4326","-115.1707035","35.1822705","mayazomer","true","2026","7","17","placemark.csv","IVANPAH","21-Jun-2020","9","high","medium","5","low","low","but look at 2023 image (3 years after and bare ground and maybe all trees dead?",
"ivanpah_2020_outside_04","EPSG:4326","-115.1697068","35.1825176","mayazomer","true","2026","7","17","placemark.csv","IVANPAH","21-Jun-2020","3","medium","medium","3","medium","medium",,
"ivanpah_2020_outside_05","EPSG:4326","-115.1858427","35.19999","mayazomer","true","2026","7","17","placemark.csv","IVANPAH","21-Jun-2020","6","low","medium","6","low","medium","maybe more than 6, hard to see",
"ivanpah_2020_inside_05","EPSG:4326","-115.1856792","35.1991458","mayazomer","true","2026","7","17","placemark.csv","IVANPAH","21-Jun-2020","7","medium","medium","0","high","low",,
"ivanpah_2020_inside_06","EPSG:4326","-115.1737221","35.1839058","mayazomer","true","2026","7","17","placemark.csv","IVANPAH","21-Jun-2020","4","medium","medium","0","high","low",,
"ivanpah_2020_inside_07","EPSG:4326","-115.1775119","35.1849862","mayazomer","true","2026","7","17","placemark.csv","IVANPAH","21-Jun-2020","5","medium","medium","0","low","low","2021 image looks like 1 surviving, but i think it's standing dead. maybe have to revise survivors in other ivanpah sites",
"ivanpah_2020_inside_08","EPSG:4326","-115.1869318","35.1928752","mayazomer","true","2026","7","17","placemark.csv","IVANPAH","21-Jun-2020","6","medium","medium","1","low","low","1 looks like it survives, but maybe falls in 2023 image?",
"ivanpah_2020_inside_09","EPSG:4326","-115.1736666","35.1816242","mayazomer","true","2026","7","17","placemark.csv","IVANPAH","21-Jun-2020","7","high","medium","0","medium","low",,
"ivanpah_2020_inside_10","EPSG:4326","-115.1862885","35.1856621","mayazomer","true","2026","7","17","placemark.csv","IVANPAH","21-Jun-2020","9","high","medium","0","low","low","I think 2021 photo there are standing dead",
"ivanpah_2020_inside_11","EPSG:4326","-115.1776305","35.1805051","mayazomer","true","2026","7","17","placemark.csv","IVANPAH","21-Jun-2020","5","high","medium","5","high","medium","unburned patch ",
"ivanpah_2020_inside_12","EPSG:4326","-115.1776115","35.1959486","mayazomer","true","2026","7","17","placemark.csv","IVANPAH","21-Jun-2020","6","high","medium","0","high","low",,
"ivanpah_2020_inside_13","EPSG:4326","-115.1921628","35.1917288","mayazomer","true","2026","7","17","placemark.csv","IVANPAH","21-Jun-2020","9","medium","medium","0","medium","medium","some seems less burned",
"ivanpah_2020_inside_14","EPSG:4326","-115.1913424","35.2004511","mayazomer","true","2026","7","17","placemark.csv","IVANPAH","21-Jun-2020","4","medium","medium","4","medium","medium","inside plot, but seems mostly unburned","unsuitable"
"ivanpah_2020_inside_15","EPSG:4326","-115.1932347","35.1908077","mayazomer","true","2026","7","17","placemark.csv","IVANPAH","21-Jun-2020","8","medium","medium","1","medium","low","corner unburned",
"star_2019_inside_01","EPSG:4326","-115.4930356","35.2694185","mayazomer","true","2026","7","17","placemark.csv","STAR","24-Aug-2019","10",,"medium","0","high","low",,
"star_2019_outside_01","EPSG:4326","-115.4933227","35.2685966","mayazomer","true","2026","7","17","placemark.csv","STAR","24-Aug-2019","11","medium","medium","11","medium","medium",,
"star_2019_outside_02","EPSG:4326","-115.4938414","35.2720434","mayazomer","true","2026","7","17","placemark.csv","STAR","24-Aug-2019","13","medium","medium","13","medium","medium",,
"star_2019_inside_02","EPSG:4326","-115.4936997","35.2711964","mayazomer","true","2026","7","17","placemark.csv","STAR","24-Aug-2019","16","medium","medium","0","high","low",,
"star_2019_inside_11","EPSG:4326","-115.4927308","35.270864","mayazomer","true","2026","7","17","placemark.csv","STAR","24-Aug-2019","15","medium","medium","0","high","low",,
"star_2019_inside_10","EPSG:4326","-115.4917341","35.2709087","mayazomer","true","2026","7","17","placemark.csv","STAR","24-Aug-2019","19","medium","medium","3","medium","low",,
"star_2019_inside_13","EPSG:4326","-115.4912027","35.27151","mayazomer","true","2026","7","17","placemark.csv","STAR","24-Aug-2019","8","medium","medium","6","medium","medium","partly unburned",
"star_2019_outside_03","EPSG:4326","-115.4906955","35.2726595","mayazomer","true","2026","7","17","placemark.csv","STAR","24-Aug-2019","10","low","medium","10","low","medium","prefire could be more, postifre looked more like 15",
"star_2019_inside_03","EPSG:4326","-115.4904848","35.2718222","mayazomer","true","2026","7","17","placemark.csv","STAR","24-Aug-2019","7","medium","medium","0","medium","low",,
"star_2019_inside_06","EPSG:4326","-115.48997","35.2710734","mayazomer","true","2026","7","17","placemark.csv","STAR","24-Aug-2019","8","medium","medium","3","medium","medium","partly unburned, 3 or 4 surviving",
"star_2019_inside_05","EPSG:4326","-115.4892015","35.2704505","mayazomer","true","2026","7","17","placemark.csv","STAR","24-Aug-2019","7","medium","medium","0","high","low",,
"star_2019_outside_05","EPSG:4326","-115.4882998","35.2700214","mayazomer","true","2026","7","17","placemark.csv","STAR","24-Aug-2019","10","medium","medium","10","medium","medium",,
"star_2019_inside_15","EPSG:4326","-115.4882968","35.2717879","mayazomer","true","2026","7","17","placemark.csv","STAR","24-Aug-2019","8","low","medium","0","high","low","pre fire could be many more",
"star_2019_inside_12","EPSG:4326","-115.4973916","35.2692395","mayazomer","true","2026","7","17","placemark.csv","STAR","24-Aug-2019","12","medium","medium","0","high","low",,
"star_2019_outside_04","EPSG:4326","-115.4971816","35.2706093","mayazomer","true","2026","7","22","placemark.csv","STAR","24-Aug-2019","6","low","medium","6","low","medium","prefire hard to count",
"star_2019_inside_04","EPSG:4326","-115.4964793","35.2699775","mayazomer","true","2026","7","17","placemark.csv","STAR","24-Aug-2019","5","medium","medium","0","high","low",,
"star_2019_inside_07","EPSG:4326","-115.4951312","35.270039","mayazomer","true","2026","7","17","placemark.csv","STAR","24-Aug-2019","7","medium","medium","0","high","low",,
"star_2019_inside_09","EPSG:4326","-115.4939651","35.2701804","mayazomer","true","2026","7","17","placemark.csv","STAR","24-Aug-2019","6","medium","medium","2","medium","medium","half unburned?",
"star_2019_inside_14","EPSG:4326","-115.4931435","35.2702384","mayazomer","true","2026","7","17","placemark.csv","STAR","24-Aug-2019","10","medium","medium","6","medium","medium","half unburned? postfire photo from 2021 shows standing trees, but image from 2024 is hard to see if they continue ",
"star_2019_inside_08","EPSG:4326","-115.4906469","35.2708979","mayazomer","true","2026","7","17","placemark.csv","STAR","24-Aug-2019","6","medium","medium","0","high","low",,
"cahuila_2017_inside_08","EPSG:4326","-117.0407641","34.5089282","mayazomer","true","2026","7","18","placemark.csv","CAHUILA","16-Jun-2017","6","high","low","3",,"low",,
"cahuila_2017_inside_01","EPSG:4326","-117.0394392","34.5076754","mayazomer","true","2026","7","18","placemark.csv","CAHUILA","16-Jun-2017","6","high","low","2","high","low",,
"cahuila_2017_inside_07","EPSG:4326","-117.041078","34.5100233","mayazomer","true","2026","7","18","placemark.csv","CAHUILA","16-Jun-2017","7","high","low","3","high","low",,
"cahuila_2017_inside_06","EPSG:4326","-117.041737","34.5101964","mayazomer","true","2026","7","18","placemark.csv","CAHUILA","16-Jun-2017","3","high","low","2","high","low",,
"cahuila_2017_inside_02","EPSG:4326","-117.0426195","34.5097378","mayazomer","true","2026","7","18","placemark.csv","CAHUILA","16-Jun-2017","2","high","low","1","high","low",,
"cahuila_2017_outside_02","EPSG:4326","-117.0440422","34.5094003","mayazomer","true","2026","7","18","placemark.csv","CAHUILA","16-Jun-2017",,,,,,,"mostly rock","unsuitable"
"cahuila_2017_outside_01","EPSG:4326","-117.0393242","34.5066929","mayazomer","true","2026","7","18","placemark.csv","CAHUILA","16-Jun-2017",,,,,,,"half rock","unsuitable"
"cahuila_2017_outside_04","EPSG:4326","-117.0415209","34.5075032","mayazomer","true","2026","7","18","placemark.csv","CAHUILA","16-Jun-2017",,,,,,,"no joshua trees","unsuitable"
"cahuila_2017_inside_05","EPSG:4326","-117.0418896","34.5118755","mayazomer","true","2026","7","18","placemark.csv","CAHUILA","16-Jun-2017","3","high","low","1","high","low",,
"cahuila_2017_inside_03","EPSG:4326","-117.0429119","34.5126544","mayazomer","true","2026","7","18","placemark.csv","CAHUILA","16-Jun-2017","2","high","low","2","high","low",,
"cahuila_2017_outside_03","EPSG:4326","-117.0440635","34.5127069","mayazomer","true","2026","7","18","placemark.csv","CAHUILA","16-Jun-2017","4","high","low","4","high","low",,
"quail_2012_outside_01","EPSG:4326","-116.2173767","33.977883","mayazomer","true","2026","7","18","placemark.csv","QUAIL","11-Aug-2012","5","medium","high","5",,"high",,
"quail_2012_inside_01","EPSG:4326","-116.2164149","33.9779871","mayazomer","true","2026","7","18","placemark.csv","QUAIL","11-Aug-2012","12",,"high","0","high","low","long time series of post-fire, can see fallen trees",
"quail_2012_inside_06","EPSG:4326","-116.2155668","33.9778836","mayazomer","true","2026","7","18","placemark.csv","QUAIL","11-Aug-2012","11","medium","high","1","high","low","some shrubs surviving postfire",
"quail_2012_inside_05","EPSG:4326","-116.2164378","33.9771356","mayazomer","true","2026","7","18","placemark.csv","QUAIL","11-Aug-2012","7","medium","high","0","high","low",,
"quail_2012_inside_07","EPSG:4326","-116.2148822","33.9770853","mayazomer","true","2026","7","18","placemark.csv","QUAIL","11-Aug-2012","9","high","high","1","medium","low",,
"quail_2012_inside_08","EPSG:4326","-116.2168033","33.9762202","mayazomer","true","2026","7","18","placemark.csv","QUAIL","11-Aug-2012","3","medium","high","0","high","low",,
"quail_2012_inside_09","EPSG:4326","-116.2179244","33.9747528","mayazomer","true","2026","7","18","placemark.csv","QUAIL","11-Aug-2012","4","medium","high","0","high","low","one tree is upper lefthand corner that I thought was alive for a few years postfire, but final images show it isn't",
"quail_2012_inside_11","EPSG:4326","-116.2155533","33.974726","mayazomer","true","2026","7","18","placemark.csv","QUAIL","11-Aug-2012","2","high","high","1","high","low",,
"quail_2012_inside_12","EPSG:4326","-116.2137702","33.9747718","mayazomer","true","2026","7","18","placemark.csv","QUAIL","11-Aug-2012","3","medium","high","0","high","low",,
"quail_2012_inside_02","EPSG:4326","-116.2122995","33.9737839","mayazomer","true","2026","7","18","placemark.csv","QUAIL","11-Aug-2012","4","medium","high","0","high","low",,
"quail_2012_outside_02","EPSG:4326","-116.2128984","33.9731291","mayazomer","true","2026","7","18","placemark.csv","QUAIL","11-Aug-2012","7","high","low","7","high","low",,
"quail_2012_inside_10","EPSG:4326","-116.2154286","33.973136","mayazomer","true","2026","7","18","placemark.csv","QUAIL","11-Aug-2012","9","high","medium","0","high","low",,
"quail_2012_inside_03","EPSG:4326","-116.2161766","33.9726078","mayazomer","true","2026","7","18","placemark.csv","QUAIL","11-Aug-2012","6","medium","high","0","high","low",,
"quail_2012_inside_04","EPSG:4326","-116.2173376","33.9730806","mayazomer","true","2026","7","18","placemark.csv","QUAIL","11-Aug-2012","10","medium","high","0","high","low",,
"coles_flat_2020_inside_01","EPSG:4326","-117.575497","36.126625","mayazomer","true","2026","7","18","placemark.csv","COLES FLAT","21-Aug-2020","11","high","medium","10",,"medium","mostly unburned ","unsuitable"
"coles_flat_2020_outside_01","EPSG:4326","-117.5745961","36.1266118","mayazomer","true","2026","7","18","placemark.csv","COLES FLAT","21-Aug-2020","8","low","medium","9","low","medium","low quality postfire image",
"coles_flat_2020_outside_02","EPSG:4326","-117.6145271","36.120133","mayazomer","true","2026","7","18","placemark.csv","COLES FLAT","21-Aug-2020","7","high","medium","7","high","medium","counted tree in top right corner - maybe out",
"coles_flat_2020_inside_02","EPSG:4326","-117.6136216","36.1200378","mayazomer","true","2026","7","18","placemark.csv","COLES FLAT","21-Aug-2020","3","medium","medium","1","medium","low","think 1 or 2 survived in unburned lefthand side of patch",
"coles_flat_2020_inside_03","EPSG:4326","-117.5768022","36.1224994","mayazomer","true","2026","7","18","placemark.csv","COLES FLAT","21-Aug-2020","10","low","medium","5","low","medium","pre-fire could be more, shadows with maybe one branch. post-fire burned in middle of patch, unburned on sides. estimated 5 dead. not sure",
"coles_flat_2020_outside_03","EPSG:4326","-117.5758776","36.1224089","mayazomer","true","2026","7","18","placemark.csv","COLES FLAT","21-Aug-2020","22","medium","medium","22","high","medium",,
"coles_flat_2020_inside_04","EPSG:4326","-117.6273909","36.1126103","mayazomer","true","2026","7","18","placemark.csv","COLES FLAT","21-Aug-2020","4","high","medium","1","high","medium","half unburned",
"coles_flat_2020_outside_04","EPSG:4326","-117.6264598","36.1123549","mayazomer","true","2026","7","18","placemark.csv","COLES FLAT","21-Aug-2020","1","high","medium","1","high","medium",,
"coles_flat_2020_outside_05","EPSG:4326","-117.6121896","36.12883","mayazomer","true","2026","7","18","placemark.csv","COLES FLAT","21-Aug-2020","2","high","medium","2","high","medium",,
"coles_flat_2020_inside_05","EPSG:4326","-117.6112936","36.1284361","mayazomer","true","2026","7","18","placemark.csv","COLES FLAT","21-Aug-2020","4","high","medium","4","high","medium","2/3 of patch unburned","unsuitable"
"coles_flat_2020_inside_06","EPSG:4326","-117.595611","36.090281","mayazomer","true","2026","7","18","placemark.csv","COLES FLAT","21-Aug-2020","4","high","medium","0","high","low",,
"coles_flat_2020_inside_07","EPSG:4326","-117.592622","36.096197","mayazomer","true","2026","7","18","placemark.csv","COLES FLAT","21-Aug-2020","5",,"medium","0","high","low",,
"coles_flat_2020_inside_08","EPSG:4326","-117.59987","36.099341","mayazomer","true","2026","7","18","placemark.csv","COLES FLAT","21-Aug-2020","5","medium","medium","1","low","low","seems a little bit unburned, maybe 1 still surviving?",
"coles_flat_2020_inside_09","EPSG:4326","-117.605252","36.098573","mayazomer","true","2026","7","18","placemark.csv","COLES FLAT","21-Aug-2020","2","high","medium","0","high","low",,
"coles_flat_2020_inside_10","EPSG:4326","-117.603354","36.094604","mayazomer","true","2026","7","18","placemark.csv","COLES FLAT","21-Aug-2020","7","high","medium","0","high","low",,
"coles_flat_2020_inside_11","EPSG:4326","-117.599674","36.102149","mayazomer","true","2026","7","18","placemark.csv","COLES FLAT","21-Aug-2020","7","high","medium","0","medium","low","counted tree in top right on the border, maybe it's out",
"coles_flat_2020_inside_12","EPSG:4326","-117.59773","36.101282","mayazomer","true","2026","7","18","placemark.csv","COLES FLAT","21-Aug-2020","4","high","medium","1","medium","low",,
"coles_flat_2020_inside_13","EPSG:4326","-117.598337","36.093916","mayazomer","true","2026","7","18","placemark.csv","COLES FLAT","21-Aug-2020","3","high","medium","0","high","low",,
"coles_flat_2020_inside_14","EPSG:4326","-117.612647","36.113022","mayazomer","true","2026","7","18","placemark.csv","COLES FLAT","21-Aug-2020","7","high","medium","0","high","low",,
"coles_flat_2020_inside_15","EPSG:4326","-117.593619","36.113453","mayazomer","true","2026","7","18","placemark.csv","COLES FLAT","21-Aug-2020","11",,"medium","0","high","low",,
"coles_flat_2020_inside_16","EPSG:4326","-117.607225","36.117922","mayazomer","true","2026","7","18","placemark.csv","COLES FLAT","21-Aug-2020","8","high","medium","8","high","medium","unburned patch","unsuitable"
"coles_flat_2020_inside_17","EPSG:4326","-117.582256","36.106808","mayazomer","true","2026","7","18","placemark.csv","COLES FLAT","21-Aug-2020","7","high","medium","0","high","low",,
"blackbrush_1987_inside_01","EPSG:4326","-116.2911569","33.9921316","shared","false","2026","7","23","placemark.csv","BLACKBRUSH","01-Sep-1987",,,,,,,,
