"id","fire_name","fire_date","YCoordinate","XCoordinate","elevation","slope","aspect","fire_year","site_other_burn_years","date_pre_fire_imagery","date_post_fire_imagery"
"johnson_2024_inside_01","JOHNSON","27-Aug-2024",34.4021494,-117.5599807,0,0,0,2024,"1942;1960","2022","23-May-2025"
"johnson_2024_outside_01","JOHNSON","27-Aug-2024",34.4020233,-117.5608858,0,0,0,2024,"1942;1960","2022","23-May-2025"
"johnson_2024_inside_02","JOHNSON","27-Aug-2024",34.4027366,-117.5600961,0,0,0,2024,"1942;1960","2022","23-May-2025"
"johnson_2024_outside_02","JOHNSON","27-Aug-2024",34.402634,-117.5610568,0,0,0,2024,"1942;1960","2022","23-May-2025"
"johnson_2024_inside_03","JOHNSON","27-Aug-2024",34.4015902,-117.5596905,0,0,0,2024,"1942;1960","2022","23-May-2025"
"johnson_2024_outside_03","JOHNSON","27-Aug-2024",34.4012916,-117.560624,0,0,0,2024,"1942;1960","2022","23-May-2025"
"johnson_2024_inside_04","JOHNSON","27-Aug-2024",34.398781,-117.5582245,0,0,0,2024,"1942;1960","2022","23-May-2025"
"johnson_2024_outside_04","JOHNSON","27-Aug-2024",34.398241,-117.5589858,0,0,0,2024,"1942;1960","2022","23-May-2025"
"johnson_2024_inside_05","JOHNSON","27-Aug-2024",34.4038769,-117.5596125,0,0,0,2024,"1942;1960","2022","23-May-2025"
"johnson_2024_inside_06","JOHNSON","27-Aug-2024",34.402591,-117.5592163,0,0,0,2024,"1942;1960","2022","23-May-2025"
"johnson_2024_inside_07","JOHNSON","27-Aug-2024",34.401608,-117.5585817,0,0,0,2024,"1942;1960","2022","23-May-2025"
"johnson_2024_inside_08","JOHNSON","27-Aug-2024",34.3981505,-117.5576628,0,0,0,2024,"1942;1960","2022","23-May-2025"
"johnson_2024_inside_09","JOHNSON","27-Aug-2024",34.3980501,-117.5556727,0,0,0,2024,"1942;1960","2022","23-May-2025"
"cal_2024_inside_01","CAL","08-Aug-2024",35.0269992,-118.3607015,0,0,0,2024,"","29-Apr-2017; 25-Jan-2023","23-Apr-2025"
"cal_2024_inside_02","CAL","08-Aug-2024",35.0253859,-118.3593266,0,0,0,2024,"","29-Apr-2017; 25-Jan-2023","23-Apr-2025"
"york_2023_inside_01","YORK","27-Jul-2023",35.2819368,-115.1544347,0,0,0,2023,"","18-Nov-2017; 28-Mar-2021","27-Oct-2023"
"york_2023_outside_01","YORK","27-Jul-2023",35.2811198,-115.1541273,0,0,0,2023,"","18-Nov-2017; 28-Mar-2021","27-Oct-2023"
"york_2023_inside_02","YORK","27-Jul-2023",35.2832422,-115.1508523,0,0,0,2023,"","18-Nov-2017; 28-Mar-2021","27-Oct-2023"
"york_2023_outside_02","YORK","27-Jul-2023",35.2824548,-115.150446,0,0,0,2023,"","18-Nov-2017; 28-Mar-2021","27-Oct-2023"
"york_2023_inside_03","YORK","27-Jul-2023",35.2803362,-115.1548614,0,0,0,2023,"","18-Nov-2017; 28-Mar-2021","27-Oct-2023"
"york_2023_outside_03","YORK","27-Jul-2023",35.2805709,-115.1538588,0,0,0,2023,"","18-Nov-2017; 28-Mar-2021","27-Oct-2023"
"york_2023_inside_04","YORK","27-Jul-2023",35.2814342,-115.1511942,0,0,0,2023,"","18-Nov-2017; 28-Mar-2021","27-Oct-2023"
"york_2023_outside_04","YORK","27-Jul-2023",35.2817082,-115.1502065,0,0,0,2023,"","18-Nov-2017; 28-Mar-2021","27-Oct-2023"
"york_2023_inside_05","YORK","27-Jul-2023",35.2807452,-115.1523397,0,0,0,2023,"","18-Nov-2017; 28-Mar-2021","27-Oct-2023"
"york_2023_outside_05","YORK","27-Jul-2023",35.280228,-115.15317,0,0,0,2023,"","18-Nov-2017; 28-Mar-2021","27-Oct-2023"
"york_2023_inside_06","YORK","27-Jul-2023",35.3169857,-115.1929926,0,0,0,2023,"","18-Nov-2017; 28-Mar-2021","27-Oct-2023"
"york_2023_inside_07","YORK","27-Jul-2023",35.3162495,-115.1699479,0,0,0,2023,"","18-Nov-2017; 28-Mar-2021","27-Oct-2023"
"york_2023_inside_08","YORK","27-Jul-2023",35.3277509,-115.1786141,0,0,0,2023,"","18-Nov-2017; 28-Mar-2021","27-Oct-2023"
"york_2023_inside_09","YORK","27-Jul-2023",35.3276146,-115.1864078,0,0,0,2023,"","18-Nov-2017; 28-Mar-2021","27-Oct-2023"
"york_2023_inside_10","YORK","27-Jul-2023",35.3297234,-115.184561,0,0,0,2023,"","18-Nov-2017; 28-Mar-2021","27-Oct-2023"
"york_2023_inside_11","YORK","27-Jul-2023",35.3296681,-115.1768873,0,0,0,2023,"","18-Nov-2017; 28-Mar-2021","27-Oct-2023"
"york_2023_inside_12","YORK","27-Jul-2023",35.3247407,-115.1963804,0,0,0,2023,"","18-Nov-2017; 28-Mar-2021","27-Oct-2023"
"york_2023_inside_13","YORK","27-Jul-2023",35.304925,-115.1750228,0,0,0,2023,"","18-Nov-2017; 28-Mar-2021","27-Oct-2023"
"york_2023_inside_14","YORK","27-Jul-2023",35.3042881,-115.1914444,0,0,0,2023,"","18-Nov-2017; 28-Mar-2021","27-Oct-2023"
"york_2023_inside_15","YORK","27-Jul-2023",35.3183988,-115.2020759,0,0,0,2023,"","18-Nov-2017; 28-Mar-2021","27-Oct-2023"
"geology_2023_inside_01","GEOLOGY","09-Jun-2023",33.9068675,-116.0367287,0,0,0,2023,"","11-Jun-2021; 11-Dec-2019; 17-Feb-2018","24-May-2025"
"geology_2023_outside_01","GEOLOGY","09-Jun-2023",33.9066527,-116.0357359,0,0,0,2023,"","11-Jun-2021; 11-Dec-2019; 17-Feb-2018","24-May-2025"
"geology_2023_inside_02","GEOLOGY","09-Jun-2023",33.8945318,-116.0470609,0,0,0,2023,"","11-Jun-2021; 11-Dec-2019; 17-Feb-2018","24-May-2025"
"geology_2023_outside_02","GEOLOGY","09-Jun-2023",33.8937861,-116.0465586,0,0,0,2023,"","11-Jun-2021; 11-Dec-2019; 17-Feb-2018","24-May-2025"
"geology_2023_inside_03","GEOLOGY","09-Jun-2023",33.9152063,-116.0489687,0,0,0,2023,"","11-Jun-2021; 11-Dec-2019; 17-Feb-2018","24-May-2025"
"geology_2023_outside_03","GEOLOGY","09-Jun-2023",33.9154522,-116.0499512,0,0,0,2023,"","11-Jun-2021; 11-Dec-2019; 17-Feb-2018","24-May-2025"
"geology_2023_inside_04","GEOLOGY","09-Jun-2023",33.9165654,-116.0481703,0,0,0,2023,"","11-Jun-2021; 11-Dec-2019; 17-Feb-2018","24-May-2025"
"geology_2023_outside_04","GEOLOGY","09-Jun-2023",33.917272,-116.0487482,0,0,0,2023,"","11-Jun-2021; 11-Dec-2019; 17-Feb-2018","24-May-2025"
"geology_2023_inside_05","GEOLOGY","09-Jun-2023",33.9076749,-116.052628,0,0,0,2023,"","11-Jun-2021; 11-Dec-2019; 17-Feb-2018","24-May-2025"
"geology_2023_outside_05","GEOLOGY","09-Jun-2023",33.9081012,-116.0535172,0,0,0,2023,"","11-Jun-2021; 11-Dec-2019; 17-Feb-2018","24-May-2025"
"geology_2023_inside_06","GEOLOGY","09-Jun-2023",33.9110145,-116.037592,0,0,0,2023,"","11-Jun-2021; 11-Dec-2019; 17-Feb-2018","24-May-2025"
"geology_2023_inside_07","GEOLOGY","09-Jun-2023",33.915685,-116.0464805,0,0,0,2023,"","11-Jun-2021; 11-Dec-2019; 17-Feb-2018","24-May-2025"
"geology_2023_inside_08","GEOLOGY","09-Jun-2023",33.9099354,-116.0438263,0,0,0,2023,"","11-Jun-2021; 11-Dec-2019; 17-Feb-2018","24-May-2025"
"geology_2023_inside_09","GEOLOGY","09-Jun-2023",33.9105563,-116.0386732,0,0,0,2023,"","11-Jun-2021; 11-Dec-2019; 17-Feb-2018","24-May-2025"
"geology_2023_inside_10","GEOLOGY","09-Jun-2023",33.8972853,-116.0502071,0,0,0,2023,"","11-Jun-2021; 11-Dec-2019; 17-Feb-2018","24-May-2025"
"geology_2023_inside_11","GEOLOGY","09-Jun-2023",33.9133375,-116.042276,0,0,0,2023,"","11-Jun-2021; 11-Dec-2019; 17-Feb-2018","24-May-2025"
"geology_2023_inside_12","GEOLOGY","09-Jun-2023",33.9050649,-116.0414765,0,0,0,2023,"","11-Jun-2021; 11-Dec-2019; 17-Feb-2018","24-May-2025"
"geology_2023_inside_13","GEOLOGY","09-Jun-2023",33.8961282,-116.0457193,0,0,0,2023,"","11-Jun-2021; 11-Dec-2019; 17-Feb-2018","24-May-2025"
"geology_2023_inside_14","GEOLOGY","09-Jun-2023",33.8956297,-116.0474464,0,0,0,2023,"","11-Jun-2021; 11-Dec-2019; 17-Feb-2018","24-May-2025"
"geology_2023_inside_15","GEOLOGY","09-Jun-2023",33.908507,-116.0444572,0,0,0,2023,"","11-Jun-2021; 11-Dec-2019; 17-Feb-2018","24-May-2025"
"boulevard_2023_inside_01","BOULEVARD","03-Aug-2023",35.094923,-118.2959559,0,0,0,2023,"","29-Apr-2017","16-Sep-2023"
"boulevard_2023_outside_01","BOULEVARD","03-Aug-2023",35.0956656,-118.2956597,0,0,0,2023,"","29-Apr-2017","16-Sep-2023"
"sheep_2022_inside_01","SHEEP","11-Jun-2022",34.3694971,-117.6111513,0,0,0,2022,"","30-May-2022","19-May-2023; 16-Jun-2025"
"sheep_2022_inside_02","SHEEP","11-Jun-2022",34.3658386,-117.6137105,0,0,0,2022,"","30-May-2022","19-May-2023; 16-Jun-2025"
"sheep_2022_inside_03","SHEEP","11-Jun-2022",34.3731594,-117.6105274,0,0,0,2022,"","30-May-2022","19-May-2023; 16-Jun-2025"
"sheep_2022_inside_04","SHEEP","11-Jun-2022",34.3672417,-117.610301,0,0,0,2022,"","30-May-2022","19-May-2023; 16-Jun-2025"
"elk_trail_2022_inside_01","ELK TRAIL","25-May-2022",34.0742981,-116.4263612,0,0,0,2022,"","12-Dec-2019; 11-Jun-2021","24-May-2025; 14-Mar-2026"
"elk_trail_2022_outside_01","ELK TRAIL","25-May-2022",34.0735551,-116.4260457,0,0,0,2022,"","12-Dec-2019; 11-Jun-2021","24-May-2025; 14-Mar-2026"
"elk_trail_2022_inside_02","ELK TRAIL","25-May-2022",34.083045,-116.442382,0,0,0,2022,"","12-Dec-2019; 11-Jun-2021","24-May-2025; 14-Mar-2026"
"elk_trail_2022_outside_02","ELK TRAIL","25-May-2022",34.0837054,-116.4430346,0,0,0,2022,"","12-Dec-2019; 11-Jun-2021","24-May-2025; 14-Mar-2026"
"elk_trail_2022_inside_03","ELK TRAIL","25-May-2022",34.080978,-116.442314,0,0,0,2022,"","12-Dec-2019; 11-Jun-2021","24-May-2025; 14-Mar-2026"
"elk_trail_2022_outside_03","ELK TRAIL","25-May-2022",34.0806119,-116.4432427,0,0,0,2022,"","12-Dec-2019; 11-Jun-2021","24-May-2025; 14-Mar-2026"
"elk_trail_2022_inside_04","ELK TRAIL","25-May-2022",34.073975,-116.427763,0,0,0,2022,"","12-Dec-2019; 11-Jun-2021","24-May-2025; 14-Mar-2026"
"elk_trail_2022_outside_04","ELK TRAIL","25-May-2022",34.0732485,-116.4272199,0,0,0,2022,"","12-Dec-2019; 11-Jun-2021","24-May-2025; 14-Mar-2026"
"elk_trail_2022_inside_05","ELK TRAIL","25-May-2022",34.07705,-116.43635,0,0,0,2022,"","12-Dec-2019; 11-Jun-2021","24-May-2025; 14-Mar-2026"
"elk_trail_2022_inside_06","ELK TRAIL","25-May-2022",34.076261,-116.4349,0,0,0,2022,"","12-Dec-2019; 11-Jun-2021","24-May-2025; 14-Mar-2026"
"elk_trail_2022_inside_07","ELK TRAIL","25-May-2022",34.077075,-116.4384,0,0,0,2022,"","12-Dec-2019; 11-Jun-2021","24-May-2025; 14-Mar-2026"
"elk_trail_2022_inside_08","ELK TRAIL","25-May-2022",34.07795,-116.439564,0,0,0,2022,"","12-Dec-2019; 11-Jun-2021","24-May-2025; 14-Mar-2026"
"elk_trail_2022_inside_09","ELK TRAIL","25-May-2022",34.076101,-116.433991,0,0,0,2022,"","12-Dec-2019; 11-Jun-2021","24-May-2025; 14-Mar-2026"
"elk_trail_2022_inside_10","ELK TRAIL","25-May-2022",34.080636,-116.426269,0,0,0,2022,"","12-Dec-2019; 11-Jun-2021","24-May-2025; 14-Mar-2026"
"elk_trail_2022_inside_11","ELK TRAIL","25-May-2022",34.077258,-116.423447,0,0,0,2022,"","12-Dec-2019; 11-Jun-2021","24-May-2025; 14-Mar-2026"
"elk_trail_2022_inside_12","ELK TRAIL","25-May-2022",34.073836,-116.429072,0,0,0,2022,"","12-Dec-2019; 11-Jun-2021","24-May-2025; 14-Mar-2026"
"elk_trail_2022_inside_13","ELK TRAIL","25-May-2022",34.075497,-116.435606,0,0,0,2022,"","12-Dec-2019; 11-Jun-2021","24-May-2025; 14-Mar-2026"
"elk_trail_2022_inside_14","ELK TRAIL","25-May-2022",34.0838333,-116.4415499,0,0,0,2022,"","12-Dec-2019; 11-Jun-2021","24-May-2025; 14-Mar-2026"
"elk_trail_2022_inside_15","ELK TRAIL","25-May-2022",34.079578,-116.441036,0,0,0,2022,"","12-Dec-2019; 11-Jun-2021","24-May-2025; 14-Mar-2026"
"mojave_2021_inside_01","MOJAVE","16-Jun-2021",35.3614351,-115.7485518,0,0,0,2021,"","27-Mar-2021; 02-Jul-2016","17-Jul-2023"
"mojave_2021_outside_01","MOJAVE","16-Jun-2021",35.3612685,-115.7495754,0,0,0,2021,"","27-Mar-2021; 02-Jul-2016","17-Jul-2023"
"mojave_2021_inside_02","MOJAVE","16-Jun-2021",35.3658396,-115.7544445,0,0,0,2021,"","27-Mar-2021; 02-Jul-2016","17-Jul-2023"
"mojave_2021_outside_02","MOJAVE","16-Jun-2021",35.3650847,-115.7539545,0,0,0,2021,"","27-Mar-2021; 02-Jul-2016","17-Jul-2023"
"mojave_2021_inside_03","MOJAVE","16-Jun-2021",35.3833462,-115.7412882,0,0,0,2021,"","27-Mar-2021; 02-Jul-2016","17-Jul-2023"
"mojave_2021_outside_03","MOJAVE","16-Jun-2021",35.3837973,-115.7404014,0,0,0,2021,"","27-Mar-2021; 02-Jul-2016","17-Jul-2023"
"mojave_2021_inside_04","MOJAVE","16-Jun-2021",35.3648476,-115.7423456,0,0,0,2021,"","27-Mar-2021; 02-Jul-2016","17-Jul-2023"
"mojave_2021_outside_04","MOJAVE","16-Jun-2021",35.3650688,-115.7413374,0,0,0,2021,"","27-Mar-2021; 02-Jul-2016","17-Jul-2023"
"mojave_2021_inside_05","MOJAVE","16-Jun-2021",35.3825439,-115.7397003,0,0,0,2021,"","27-Mar-2021; 02-Jul-2016","17-Jul-2023"
"mojave_2021_outside_05","MOJAVE","16-Jun-2021",35.3833825,-115.7394966,0,0,0,2021,"","27-Mar-2021; 02-Jul-2016","17-Jul-2023"
"mojave_2021_inside_06","MOJAVE","16-Jun-2021",35.3767727,-115.7376396,0,0,0,2021,"","27-Mar-2021; 02-Jul-2016","17-Jul-2023"
"mojave_2021_inside_07","MOJAVE","16-Jun-2021",35.367926,-115.7448437,0,0,0,2021,"","27-Mar-2021; 02-Jul-2016","17-Jul-2023"
"mojave_2021_inside_08","MOJAVE","16-Jun-2021",35.3496219,-115.7335269,0,0,0,2021,"","27-Mar-2021; 02-Jul-2016","17-Jul-2023"
"mojave_2021_inside_09","MOJAVE","16-Jun-2021",35.3705596,-115.7347099,0,0,0,2021,"","27-Mar-2021; 02-Jul-2016","17-Jul-2023"
"mojave_2021_inside_10","MOJAVE","16-Jun-2021",35.3748066,-115.7371933,0,0,0,2021,"","27-Mar-2021; 02-Jul-2016","17-Jul-2023"
"mojave_2021_inside_11","MOJAVE","16-Jun-2021",35.3714279,-115.7345325,0,0,0,2021,"","27-Mar-2021; 02-Jul-2016","17-Jul-2023"
"mojave_2021_inside_12","MOJAVE","16-Jun-2021",35.356574,-115.7345994,0,0,0,2021,"","27-Mar-2021; 02-Jul-2016","17-Jul-2023"
"mojave_2021_inside_13","MOJAVE","16-Jun-2021",35.3694444,-115.7452714,0,0,0,2021,"","27-Mar-2021; 02-Jul-2016","17-Jul-2023"
"mojave_2021_inside_14","MOJAVE","16-Jun-2021",35.3736894,-115.7400389,0,0,0,2021,"","27-Mar-2021; 02-Jul-2016","17-Jul-2023"
"mojave_2021_inside_15","MOJAVE","16-Jun-2021",35.3766477,-115.7494592,0,0,0,2021,"","27-Mar-2021; 02-Jul-2016","17-Jul-2023"
"pond_2021_inside_01","POND","29-Aug-2021",35.2502576,-115.1494644,0,0,0,2021,"","28-Mar-2021","17-Jul-2023"
"pond_2021_outside_01","POND","29-Aug-2021",35.2505017,-115.1484657,0,0,0,2021,"","28-Mar-2021","17-Jul-2023"
"pond_2021_inside_02","POND","29-Aug-2021",35.2557017,-115.1516663,0,0,0,2021,"","28-Mar-2021","17-Jul-2023"
"pond_2021_outside_02","POND","29-Aug-2021",35.2561363,-115.1507688,0,0,0,2021,"","28-Mar-2021","17-Jul-2023"
"pond_2021_inside_03","POND","29-Aug-2021",35.2585338,-115.1533796,0,0,0,2021,"","28-Mar-2021","17-Jul-2023"
"pond_2021_outside_03","POND","29-Aug-2021",35.2588765,-115.1524248,0,0,0,2021,"","28-Mar-2021","17-Jul-2023"
"pond_2021_inside_04","POND","29-Aug-2021",35.2635338,-115.1593029,0,0,0,2021,"","28-Mar-2021","17-Jul-2023"
"pond_2021_outside_04","POND","29-Aug-2021",35.2643322,-115.1589299,0,0,0,2021,"","28-Mar-2021","17-Jul-2023"
"pond_2021_inside_05","POND","29-Aug-2021",35.2519144,-115.1554925,0,0,0,2021,"","28-Mar-2021","17-Jul-2023"
"pond_2021_outside_05","POND","29-Aug-2021",35.2512603,-115.1561638,0,0,0,2021,"","28-Mar-2021","17-Jul-2023"
"pond_2021_inside_06","POND","29-Aug-2021",35.2628169,-115.1664386,0,0,0,2021,"","28-Mar-2021","17-Jul-2023"
"pond_2021_inside_07","POND","29-Aug-2021",35.2608489,-115.156043,0,0,0,2021,"","28-Mar-2021","17-Jul-2023"
"pond_2021_inside_08","POND","29-Aug-2021",35.2588921,-115.15546,0,0,0,2021,"","28-Mar-2021","17-Jul-2023"
"pond_2021_inside_09","POND","29-Aug-2021",35.2630013,-115.1632859,0,0,0,2021,"","28-Mar-2021","17-Jul-2023"
"pond_2021_inside_10","POND","29-Aug-2021",35.2551647,-115.1594581,0,0,0,2021,"","28-Mar-2021","17-Jul-2023"
"pond_2021_inside_11","POND","29-Aug-2021",35.2557853,-115.1608474,0,0,0,2021,"","28-Mar-2021","17-Jul-2023"
"pond_2021_inside_12","POND","29-Aug-2021",35.26199,-115.1606075,0,0,0,2021,"","28-Mar-2021","17-Jul-2023"
"pond_2021_inside_13","POND","29-Aug-2021",35.2615302,-115.1670741,0,0,0,2021,"","28-Mar-2021","17-Jul-2023"
"pond_2021_inside_14","POND","29-Aug-2021",35.2568575,-115.1545619,0,0,0,2021,"","28-Mar-2021","17-Jul-2023"
"pond_2021_inside_15","POND","29-Aug-2021",35.2650576,-115.1688811,0,0,0,2021,"","28-Mar-2021","17-Jul-2023"
"dome_2020_inside_01","DOME","14-Aug-2020",35.2488459,-115.528734,0,0,0,2020,"","02-Jul-2016","27-Mar-2021; 17-Jul-2023; 17-Jun-2024"
"dome_2020_outside_01","DOME","14-Aug-2020",35.2480176,-115.5284768,0,0,0,2020,"","02-Jul-2016","27-Mar-2021; 17-Jul-2023; 17-Jun-2024"
"dome_2020_inside_02","DOME","14-Aug-2020",35.2491702,-115.5266972,0,0,0,2020,"","02-Jul-2016","27-Mar-2021; 17-Jul-2023; 17-Jun-2024"
"dome_2020_outside_02","DOME","14-Aug-2020",35.248317,-115.5267609,0,0,0,2020,"","02-Jul-2016","27-Mar-2021; 17-Jul-2023; 17-Jun-2024"
"dome_2020_inside_03","DOME","14-Aug-2020",35.2450384,-115.5094463,0,0,0,2020,"","02-Jul-2016","27-Mar-2021; 17-Jul-2023; 17-Jun-2024"
"dome_2020_outside_03","DOME","14-Aug-2020",35.2442183,-115.5097406,0,0,0,2020,"","02-Jul-2016","27-Mar-2021; 17-Jul-2023; 17-Jun-2024"
"dome_2020_inside_04","DOME","14-Aug-2020",35.3719517,-115.5356461,0,0,0,2020,"","02-Jul-2016","27-Mar-2021; 17-Jul-2023; 17-Jun-2024"
"dome_2020_outside_04","DOME","14-Aug-2020",35.3715474,-115.5347265,0,0,0,2020,"","02-Jul-2016","27-Mar-2021; 17-Jul-2023; 17-Jun-2024"
"dome_2020_inside_05","DOME","14-Aug-2020",35.2560393,-115.6633666,0,0,0,2020,"","02-Jul-2016","27-Mar-2021; 17-Jul-2023; 17-Jun-2024"
"dome_2020_outside_05","DOME","14-Aug-2020",35.2552384,-115.6637314,0,0,0,2020,"","02-Jul-2016","27-Mar-2021; 17-Jul-2023; 17-Jun-2024"
"dome_2020_inside_06","DOME","14-Aug-2020",35.2840533,-115.5771932,0,0,0,2020,"","02-Jul-2016","27-Mar-2021; 17-Jul-2023; 17-Jun-2024"
"dome_2020_inside_07","DOME","14-Aug-2020",35.2715599,-115.5290412,0,0,0,2020,"","02-Jul-2016","27-Mar-2021; 17-Jul-2023; 17-Jun-2024"
"dome_2020_inside_08","DOME","14-Aug-2020",35.2892861,-115.5031753,0,0,0,2020,"","02-Jul-2016","27-Mar-2021; 17-Jul-2023; 17-Jun-2024"
"dome_2020_inside_09","DOME","14-Aug-2020",35.2961985,-115.6587435,0,0,0,2020,"","02-Jul-2016","27-Mar-2021; 17-Jul-2023; 17-Jun-2024"
"dome_2020_inside_10","DOME","14-Aug-2020",35.3273617,-115.6096871,0,0,0,2020,"","02-Jul-2016","27-Mar-2021; 17-Jul-2023; 17-Jun-2024"
"dome_2020_inside_11","DOME","14-Aug-2020",35.2785834,-115.6032664,0,0,0,2020,"","02-Jul-2016","27-Mar-2021; 17-Jul-2023; 17-Jun-2024"
"dome_2020_inside_12","DOME","14-Aug-2020",35.2441107,-115.5438489,0,0,0,2020,"","02-Jul-2016","27-Mar-2021; 17-Jul-2023; 17-Jun-2024"
"dome_2020_inside_13","DOME","14-Aug-2020",35.2718899,-115.6318877,0,0,0,2020,"","02-Jul-2016","27-Mar-2021; 17-Jul-2023; 17-Jun-2024"
"dome_2020_inside_14","DOME","14-Aug-2020",35.3302676,-115.52066,0,0,0,2020,"","02-Jul-2016","27-Mar-2021; 17-Jul-2023; 17-Jun-2024"
"dome_2020_inside_15","DOME","14-Aug-2020",35.3340398,-115.5586955,0,0,0,2020,"","02-Jul-2016","27-Mar-2021; 17-Jul-2023; 17-Jun-2024"
"nadeau_2020_inside_01","NADEAU","28-Jul-2020",36.0387271,-117.4598391,0,0,0,2020,"","01-Jul-2017","22-Nov-2023"
"nadeau_2020_outside_01","NADEAU","28-Jul-2020",36.0379954,-117.4599844,0,0,0,2020,"","01-Jul-2017","22-Nov-2023"
"nadeau_2020_inside_02","NADEAU","28-Jul-2020",36.048363,-117.4713598,0,0,0,2020,"","01-Jul-2017","22-Nov-2023"
"nadeau_2020_outside_02","NADEAU","28-Jul-2020",36.0485933,-117.472272,0,0,0,2020,"","01-Jul-2017","22-Nov-2023"
"nadeau_2020_inside_03","NADEAU","28-Jul-2020",36.0426743,-117.4558779,0,0,0,2020,"","01-Jul-2017","22-Nov-2023"
"nadeau_2020_outside_03","NADEAU","28-Jul-2020",36.0420048,-117.4550571,0,0,0,2020,"","01-Jul-2017","22-Nov-2023"
"nadeau_2020_inside_04","NADEAU","28-Jul-2020",36.048783,-117.4705994,0,0,0,2020,"","01-Jul-2017","22-Nov-2023"
"nadeau_2020_outside_04","NADEAU","28-Jul-2020",36.0494992,-117.471697,0,0,0,2020,"","01-Jul-2017","22-Nov-2023"
"nadeau_2020_inside_05","NADEAU","28-Jul-2020",36.0472165,-117.470863,0,0,0,2020,"","01-Jul-2017","22-Nov-2023"
"nadeau_2020_inside_06","NADEAU","28-Jul-2020",36.0466819,-117.4696573,0,0,0,2020,"","01-Jul-2017","22-Nov-2023"
"nadeau_2020_inside_07","NADEAU","28-Jul-2020",36.0473266,-117.4689923,0,0,0,2020,"","01-Jul-2017","22-Nov-2023"
"nadeau_2020_inside_08","NADEAU","28-Jul-2020",36.0478263,-117.4672932,0,0,0,2020,"","01-Jul-2017","22-Nov-2023"
"nadeau_2020_inside_09","NADEAU","28-Jul-2020",36.0459949,-117.4676923,0,0,0,2020,"","01-Jul-2017","22-Nov-2023"
"nadeau_2020_inside_10","NADEAU","28-Jul-2020",36.045522,-117.4667109,0,0,0,2020,"","01-Jul-2017","22-Nov-2023"
"nadeau_2020_inside_11","NADEAU","28-Jul-2020",36.0460056,-117.4649804,0,0,0,2020,"","01-Jul-2017","22-Nov-2023"
"nadeau_2020_inside_12","NADEAU","28-Jul-2020",36.0444473,-117.463984,0,0,0,2020,"","01-Jul-2017","22-Nov-2023"
"nadeau_2020_inside_13","NADEAU","28-Jul-2020",36.0402919,-117.460552,0,0,0,2020,"","01-Jul-2017","22-Nov-2023"
"nadeau_2020_inside_14","NADEAU","28-Jul-2020",36.0390808,-117.4635095,0,0,0,2020,"","01-Jul-2017","22-Nov-2023"
"nadeau_2020_inside_15","NADEAU","28-Jul-2020",36.0424628,-117.4658949,0,0,0,2020,"","01-Jul-2017","22-Nov-2023"
"nadeau_2020_inside_16","NADEAU","28-Jul-2020",36.0273545,-117.4752358,0,0,0,2020,"","01-Jul-2017","22-Nov-2023"
"nadeau_2020_inside_17","NADEAU","28-Jul-2020",36.0310552,-117.4775614,0,0,0,2020,"","01-Jul-2017","22-Nov-2023"
"ivanpah_2020_inside_01","IVANPAH","21-Jun-2020",35.2025733,-115.1907748,0,0,0,2020,"","18-Nov-2017; 24-May-2018","28-Mar-2021; 17-Jul-2023"
"ivanpah_2020_outside_01","IVANPAH","21-Jun-2020",35.2034069,-115.1905441,0,0,0,2020,"","18-Nov-2017; 24-May-2018","28-Mar-2021; 17-Jul-2023"
"ivanpah_2020_inside_02","IVANPAH","21-Jun-2020",35.2003174,-115.1782682,0,0,0,2020,"","18-Nov-2017; 24-May-2018","28-Mar-2021; 17-Jul-2023"
"ivanpah_2020_outside_02","IVANPAH","21-Jun-2020",35.2011626,-115.1781127,0,0,0,2020,"","18-Nov-2017; 24-May-2018","28-Mar-2021; 17-Jul-2023"
"ivanpah_2020_inside_03","IVANPAH","21-Jun-2020",35.1997041,-115.1885472,0,0,0,2020,"","18-Nov-2017; 24-May-2018","28-Mar-2021; 17-Jul-2023"
"ivanpah_2020_outside_03","IVANPAH","21-Jun-2020",35.2003783,-115.1879069,0,0,0,2020,"","18-Nov-2017; 24-May-2018","28-Mar-2021; 17-Jul-2023"
"ivanpah_2020_inside_04","IVANPAH","21-Jun-2020",35.1822705,-115.1707035,0,0,0,2020,"","18-Nov-2017; 24-May-2018","28-Mar-2021; 17-Jul-2023"
"ivanpah_2020_outside_04","IVANPAH","21-Jun-2020",35.1825176,-115.1697068,0,0,0,2020,"","18-Nov-2017; 24-May-2018","28-Mar-2021; 17-Jul-2023"
"ivanpah_2020_inside_05","IVANPAH","21-Jun-2020",35.1991458,-115.1856792,0,0,0,2020,"","18-Nov-2017; 24-May-2018","28-Mar-2021; 17-Jul-2023"
"ivanpah_2020_outside_05","IVANPAH","21-Jun-2020",35.19999,-115.1858427,0,0,0,2020,"","18-Nov-2017; 24-May-2018","28-Mar-2021; 17-Jul-2023"
"ivanpah_2020_inside_06","IVANPAH","21-Jun-2020",35.1839058,-115.1737221,0,0,0,2020,"","18-Nov-2017; 24-May-2018","28-Mar-2021; 17-Jul-2023"
"ivanpah_2020_inside_07","IVANPAH","21-Jun-2020",35.1849862,-115.1775119,0,0,0,2020,"","18-Nov-2017; 24-May-2018","28-Mar-2021; 17-Jul-2023"
"ivanpah_2020_inside_08","IVANPAH","21-Jun-2020",35.1928752,-115.1869318,0,0,0,2020,"","18-Nov-2017; 24-May-2018","28-Mar-2021; 17-Jul-2023"
"ivanpah_2020_inside_09","IVANPAH","21-Jun-2020",35.1816242,-115.1736666,0,0,0,2020,"","18-Nov-2017; 24-May-2018","28-Mar-2021; 17-Jul-2023"
"ivanpah_2020_inside_10","IVANPAH","21-Jun-2020",35.1856621,-115.1862885,0,0,0,2020,"","18-Nov-2017; 24-May-2018","28-Mar-2021; 17-Jul-2023"
"ivanpah_2020_inside_11","IVANPAH","21-Jun-2020",35.1805051,-115.1776305,0,0,0,2020,"","18-Nov-2017; 24-May-2018","28-Mar-2021; 17-Jul-2023"
"ivanpah_2020_inside_12","IVANPAH","21-Jun-2020",35.1959486,-115.1776115,0,0,0,2020,"","18-Nov-2017; 24-May-2018","28-Mar-2021; 17-Jul-2023"
"ivanpah_2020_inside_13","IVANPAH","21-Jun-2020",35.1917288,-115.1921628,0,0,0,2020,"","18-Nov-2017; 24-May-2018","28-Mar-2021; 17-Jul-2023"
"ivanpah_2020_inside_14","IVANPAH","21-Jun-2020",35.2004511,-115.1913424,0,0,0,2020,"","18-Nov-2017; 24-May-2018","28-Mar-2021; 17-Jul-2023"
"ivanpah_2020_inside_15","IVANPAH","21-Jun-2020",35.1908077,-115.1932347,0,0,0,2020,"","18-Nov-2017; 24-May-2018","28-Mar-2021; 17-Jul-2023"
"star_2019_inside_01","STAR","24-Aug-2019",35.2694185,-115.4930356,0,0,0,2019,"","02-Jul-2016","27-Mar-2021"
"star_2019_outside_01","STAR","24-Aug-2019",35.2685966,-115.4933227,0,0,0,2019,"","02-Jul-2016","27-Mar-2021"
"star_2019_inside_02","STAR","24-Aug-2019",35.2711964,-115.4936997,0,0,0,2019,"","02-Jul-2016","27-Mar-2021"
"star_2019_outside_02","STAR","24-Aug-2019",35.2720434,-115.4938414,0,0,0,2019,"","02-Jul-2016","27-Mar-2021"
"star_2019_inside_03","STAR","24-Aug-2019",35.2718222,-115.4904848,0,0,0,2019,"","02-Jul-2016","27-Mar-2021"
"star_2019_outside_03","STAR","24-Aug-2019",35.2726595,-115.4906955,0,0,0,2019,"","02-Jul-2016","27-Mar-2021"
"star_2019_inside_04","STAR","24-Aug-2019",35.2699775,-115.4964793,0,0,0,2019,"","02-Jul-2016","27-Mar-2021"
"star_2019_outside_04","STAR","24-Aug-2019",35.2706093,-115.4971816,0,0,0,2019,"","02-Jul-2016","27-Mar-2021"
"star_2019_inside_05","STAR","24-Aug-2019",35.2704505,-115.4892015,0,0,0,2019,"","02-Jul-2016","27-Mar-2021"
"star_2019_outside_05","STAR","24-Aug-2019",35.2700214,-115.4882998,0,0,0,2019,"","02-Jul-2016","27-Mar-2021"
"star_2019_inside_06","STAR","24-Aug-2019",35.2710734,-115.48997,0,0,0,2019,"","02-Jul-2016","27-Mar-2021"
"star_2019_inside_07","STAR","24-Aug-2019",35.270039,-115.4951312,0,0,0,2019,"","02-Jul-2016","27-Mar-2021"
"star_2019_inside_08","STAR","24-Aug-2019",35.2708979,-115.4906469,0,0,0,2019,"","02-Jul-2016","27-Mar-2021"
"star_2019_inside_09","STAR","24-Aug-2019",35.2701804,-115.4939651,0,0,0,2019,"","02-Jul-2016","27-Mar-2021"
"star_2019_inside_10","STAR","24-Aug-2019",35.2709087,-115.4917341,0,0,0,2019,"","02-Jul-2016","27-Mar-2021"
"star_2019_inside_11","STAR","24-Aug-2019",35.270864,-115.4927308,0,0,0,2019,"","02-Jul-2016","27-Mar-2021"
"star_2019_inside_12","STAR","24-Aug-2019",35.2692395,-115.4973916,0,0,0,2019,"","02-Jul-2016","27-Mar-2021"
"star_2019_inside_13","STAR","24-Aug-2019",35.27151,-115.4912027,0,0,0,2019,"","02-Jul-2016","27-Mar-2021"
"star_2019_inside_14","STAR","24-Aug-2019",35.2702384,-115.4931435,0,0,0,2019,"","02-Jul-2016","27-Mar-2021"
"star_2019_inside_15","STAR","24-Aug-2019",35.2717879,-115.4882968,0,0,0,2019,"","02-Jul-2016","27-Mar-2021"
"cahuila_2017_inside_01","CAHUILA","16-Jun-2017",34.5076754,-117.0394392,0,0,0,2017,"","01-Jan-2015; 04-Sep-2016","13-Jun-2017; 27-Dec-2017; 25-Aug-2018; 30-May-2022; 02-Oct-2022; 14-Mar-2025"
"cahuila_2017_outside_01","CAHUILA","16-Jun-2017",34.5066929,-117.0393242,0,0,0,2017,"","01-Jan-2015; 04-Sep-2016","13-Jun-2017; 27-Dec-2017; 25-Aug-2018; 30-May-2022; 02-Oct-2022; 14-Mar-2025"
"cahuila_2017_inside_02","CAHUILA","16-Jun-2017",34.5097378,-117.0426195,0,0,0,2017,"","01-Jan-2015; 04-Sep-2016","13-Jun-2017; 27-Dec-2017; 25-Aug-2018; 30-May-2022; 02-Oct-2022; 14-Mar-2025"
"cahuila_2017_outside_02","CAHUILA","16-Jun-2017",34.5094003,-117.0440422,0,0,0,2017,"","01-Jan-2015; 04-Sep-2016","13-Jun-2017; 27-Dec-2017; 25-Aug-2018; 30-May-2022; 02-Oct-2022; 14-Mar-2025"
"cahuila_2017_inside_03","CAHUILA","16-Jun-2017",34.5126544,-117.0429119,0,0,0,2017,"","01-Jan-2015; 04-Sep-2016","13-Jun-2017; 27-Dec-2017; 25-Aug-2018; 30-May-2022; 02-Oct-2022; 14-Mar-2025"
"cahuila_2017_outside_03","CAHUILA","16-Jun-2017",34.5127069,-117.0440635,0,0,0,2017,"","01-Jan-2015; 04-Sep-2016","13-Jun-2017; 27-Dec-2017; 25-Aug-2018; 30-May-2022; 02-Oct-2022; 14-Mar-2025"
"cahuila_2017_inside_04","CAHUILA","16-Jun-2017",34.5082801,-117.0403673,0,0,0,2017,"","01-Jan-2015; 04-Sep-2016","13-Jun-2017; 27-Dec-2017; 25-Aug-2018; 30-May-2022; 02-Oct-2022; 14-Mar-2025"
"cahuila_2017_outside_04","CAHUILA","16-Jun-2017",34.5075032,-117.0415209,0,0,0,2017,"","01-Jan-2015; 04-Sep-2016","13-Jun-2017; 27-Dec-2017; 25-Aug-2018; 30-May-2022; 02-Oct-2022; 14-Mar-2025"
"cahuila_2017_inside_05","CAHUILA","16-Jun-2017",34.5118755,-117.0418896,0,0,0,2017,"","01-Jan-2015; 04-Sep-2016","13-Jun-2017; 27-Dec-2017; 25-Aug-2018; 30-May-2022; 02-Oct-2022; 14-Mar-2025"
"cahuila_2017_inside_06","CAHUILA","16-Jun-2017",34.5101964,-117.041737,0,0,0,2017,"","01-Jan-2015; 04-Sep-2016","13-Jun-2017; 27-Dec-2017; 25-Aug-2018; 30-May-2022; 02-Oct-2022; 14-Mar-2025"
"cahuila_2017_inside_07","CAHUILA","16-Jun-2017",34.5100233,-117.041078,0,0,0,2017,"","01-Jan-2015; 04-Sep-2016","13-Jun-2017; 27-Dec-2017; 25-Aug-2018; 30-May-2022; 02-Oct-2022; 14-Mar-2025"
"cahuila_2017_inside_08","CAHUILA","16-Jun-2017",34.5089282,-117.0407641,0,0,0,2017,"","01-Jan-2015; 04-Sep-2016","13-Jun-2017; 27-Dec-2017; 25-Aug-2018; 30-May-2022; 02-Oct-2022; 14-Mar-2025"
"quail_2012_inside_01","QUAIL","11-Aug-2012",33.9779871,-116.2164149,0,0,0,2012,"1973","16-Sep-2011; 23-Aug-2011","24-May-2025; 11-Jun-2021; 24-Aug-2018"
"quail_2012_outside_01","QUAIL","11-Aug-2012",33.977883,-116.2173767,0,0,0,2012,"1973","16-Sep-2011; 23-Aug-2011","24-May-2025; 11-Jun-2021; 24-Aug-2018"
"quail_2012_inside_02","QUAIL","11-Aug-2012",33.9737839,-116.2122995,0,0,0,2012,"1973","16-Sep-2011; 23-Aug-2011","24-May-2025; 11-Jun-2021; 24-Aug-2018"
"quail_2012_outside_02","QUAIL","11-Aug-2012",33.9731291,-116.2128984,0,0,0,2012,"1973","16-Sep-2011; 23-Aug-2011","24-May-2025; 11-Jun-2021; 24-Aug-2018"
"quail_2012_inside_03","QUAIL","11-Aug-2012",33.9726078,-116.2161766,0,0,0,2012,"1973","16-Sep-2011; 23-Aug-2011","24-May-2025; 11-Jun-2021; 24-Aug-2018"
"quail_2012_inside_04","QUAIL","11-Aug-2012",33.9730806,-116.2173376,0,0,0,2012,"1973","16-Sep-2011; 23-Aug-2011","24-May-2025; 11-Jun-2021; 24-Aug-2018"
"quail_2012_inside_05","QUAIL","11-Aug-2012",33.9771356,-116.2164378,0,0,0,2012,"1973","16-Sep-2011; 23-Aug-2011","24-May-2025; 11-Jun-2021; 24-Aug-2018"
"quail_2012_inside_06","QUAIL","11-Aug-2012",33.9778836,-116.2155668,0,0,0,2012,"1973","16-Sep-2011; 23-Aug-2011","24-May-2025; 11-Jun-2021; 24-Aug-2018"
"quail_2012_inside_07","QUAIL","11-Aug-2012",33.9770853,-116.2148822,0,0,0,2012,"1973","16-Sep-2011; 23-Aug-2011","24-May-2025; 11-Jun-2021; 24-Aug-2018"
"quail_2012_inside_08","QUAIL","11-Aug-2012",33.9762202,-116.2168033,0,0,0,2012,"1973","16-Sep-2011; 23-Aug-2011","24-May-2025; 11-Jun-2021; 24-Aug-2018"
"quail_2012_inside_09","QUAIL","11-Aug-2012",33.9747528,-116.2179244,0,0,0,2012,"1973","16-Sep-2011; 23-Aug-2011","24-May-2025; 11-Jun-2021; 24-Aug-2018"
"quail_2012_inside_10","QUAIL","11-Aug-2012",33.973136,-116.2154286,0,0,0,2012,"1973","16-Sep-2011; 23-Aug-2011","24-May-2025; 11-Jun-2021; 24-Aug-2018"
"quail_2012_inside_11","QUAIL","11-Aug-2012",33.974726,-116.2155533,0,0,0,2012,"1973","16-Sep-2011; 23-Aug-2011","24-May-2025; 11-Jun-2021; 24-Aug-2018"
"quail_2012_inside_12","QUAIL","11-Aug-2012",33.9747718,-116.2137702,0,0,0,2012,"1973","16-Sep-2011; 23-Aug-2011","24-May-2025; 11-Jun-2021; 24-Aug-2018"
"coles_flat_2020_inside_01","COLES FLAT","21-Aug-2020",36.126625,-117.575497,0,0,0,2020,"","01-Jul-2017","04-May-2024"
"coles_flat_2020_outside_01","COLES FLAT","21-Aug-2020",36.1266118,-117.5745961,0,0,0,2020,"","01-Jul-2017","04-May-2024"
"coles_flat_2020_inside_02","COLES FLAT","21-Aug-2020",36.1200378,-117.6136216,0,0,0,2020,"","01-Jul-2017","04-May-2024"
"coles_flat_2020_outside_02","COLES FLAT","21-Aug-2020",36.120133,-117.6145271,0,0,0,2020,"","01-Jul-2017","04-May-2024"
"coles_flat_2020_inside_03","COLES FLAT","21-Aug-2020",36.1224994,-117.5768022,0,0,0,2020,"","01-Jul-2017","04-May-2024"
"coles_flat_2020_outside_03","COLES FLAT","21-Aug-2020",36.1224089,-117.5758776,0,0,0,2020,"","01-Jul-2017","04-May-2024"
"coles_flat_2020_inside_04","COLES FLAT","21-Aug-2020",36.1126103,-117.6273909,0,0,0,2020,"","01-Jul-2017","04-May-2024"
"coles_flat_2020_outside_04","COLES FLAT","21-Aug-2020",36.1123549,-117.6264598,0,0,0,2020,"","01-Jul-2017","04-May-2024"
"coles_flat_2020_inside_05","COLES FLAT","21-Aug-2020",36.1284361,-117.6112936,0,0,0,2020,"","01-Jul-2017","04-May-2024"
"coles_flat_2020_outside_05","COLES FLAT","21-Aug-2020",36.12883,-117.6121896,0,0,0,2020,"","01-Jul-2017","04-May-2024"
"coles_flat_2020_inside_06","COLES FLAT","21-Aug-2020",36.090281,-117.595611,0,0,0,2020,"","01-Jul-2017","04-May-2024"
"coles_flat_2020_inside_07","COLES FLAT","21-Aug-2020",36.096197,-117.592622,0,0,0,2020,"","01-Jul-2017","04-May-2024"
"coles_flat_2020_inside_08","COLES FLAT","21-Aug-2020",36.099341,-117.59987,0,0,0,2020,"","01-Jul-2017","04-May-2024"
"coles_flat_2020_inside_09","COLES FLAT","21-Aug-2020",36.098573,-117.605252,0,0,0,2020,"","01-Jul-2017","04-May-2024"
"coles_flat_2020_inside_10","COLES FLAT","21-Aug-2020",36.094604,-117.603354,0,0,0,2020,"","01-Jul-2017","04-May-2024"
"coles_flat_2020_inside_11","COLES FLAT","21-Aug-2020",36.102149,-117.599674,0,0,0,2020,"","01-Jul-2017","04-May-2024"
"coles_flat_2020_inside_12","COLES FLAT","21-Aug-2020",36.101282,-117.59773,0,0,0,2020,"","01-Jul-2017","04-May-2024"
"coles_flat_2020_inside_13","COLES FLAT","21-Aug-2020",36.093916,-117.598337,0,0,0,2020,"","01-Jul-2017","04-May-2024"
"coles_flat_2020_inside_14","COLES FLAT","21-Aug-2020",36.113022,-117.612647,0,0,0,2020,"","01-Jul-2017","04-May-2024"
"coles_flat_2020_inside_15","COLES FLAT","21-Aug-2020",36.113453,-117.593619,0,0,0,2020,"","01-Jul-2017","04-May-2024"
"coles_flat_2020_inside_16","COLES FLAT","21-Aug-2020",36.117922,-117.607225,0,0,0,2020,"","01-Jul-2017","04-May-2024"
"coles_flat_2020_inside_17","COLES FLAT","21-Aug-2020",36.106808,-117.582256,0,0,0,2020,"","01-Jul-2017","04-May-2024"
"joshua_1994_inside_01","JOSHUA","31-May-1994",34.7761279,-118.4657913,0,0,0,1994,NA,NA,NA
"joshua_1994_outside_01","JOSHUA","31-May-1994",34.7754818,-118.4655676,0,0,0,1994,NA,NA,NA
"joshua_1994_inside_02","JOSHUA","31-May-1994",34.7762833,-118.4646591,0,0,0,1994,NA,NA,NA
"joshua_1994_outside_02","JOSHUA","31-May-1994",34.7756174,-118.4643922,0,0,0,1994,NA,NA,NA
"joshua_1994_inside_03","JOSHUA","31-May-1994",34.7766387,-118.4626236,0,0,0,1994,NA,NA,NA
"joshua_1994_outside_03","JOSHUA","31-May-1994",34.7760932,-118.4618619,0,0,0,1994,NA,NA,NA
"joshua_1994_inside_04","JOSHUA","31-May-1994",34.7798304,-118.4652362,0,0,0,1994,NA,NA,NA
"joshua_1994_outside_04","JOSHUA","31-May-1994",34.780563,-118.4657161,0,0,0,1994,NA,NA,NA
"joshua_1994_inside_05","JOSHUA","31-May-1994",34.7803435,-118.4640371,0,0,0,1994,NA,NA,NA
"joshua_1994_outside_05","JOSHUA","31-May-1994",34.7811476,-118.4639199,0,0,0,1994,NA,NA,NA
"joshua_1994_inside_06","JOSHUA","31-May-1994",34.7793652,-118.4612451,0,0,0,1994,NA,NA,NA
"joshua_1994_outside_06","JOSHUA","31-May-1994",34.7801218,-118.4606925,0,0,0,1994,NA,NA,NA
"joshua_1989_inside_01","JOSHUA","19-Jun-1989",34.0975966,-116.3676888,0,0,0,1989,NA,NA,"2021"
"joshua_1989_outside_01","JOSHUA","19-Jun-1989",34.0977782,-116.3683938,0,0,0,1989,NA,NA,"2021"
"joshua_1989_inside_02","JOSHUA","19-Jun-1989",34.098912,-116.3676258,0,0,0,1989,NA,NA,"2021"
"joshua_1989_outside_02","JOSHUA","19-Jun-1989",34.0990392,-116.3683678,0,0,0,1989,NA,NA,"2021"
"joshua_1989_inside_03","JOSHUA","19-Jun-1989",34.0964627,-116.3674709,0,0,0,1989,NA,NA,"2021"
"joshua_1989_outside_03","JOSHUA","19-Jun-1989",34.0964673,-116.36848,0,0,0,1989,NA,NA,"2021"
"joshua_1989_inside_04","JOSHUA","19-Jun-1989",34.0923368,-116.3642013,0,0,0,1989,NA,NA,"2021"
"joshua_1989_outside_04","JOSHUA","19-Jun-1989",34.0917607,-116.36489,0,0,0,1989,NA,NA,"2021"
"joshua_1989_inside_05","JOSHUA","19-Jun-1989",34.0937714,-116.3658521,0,0,0,1989,NA,NA,"2021"
"joshua_1989_outside_05","JOSHUA","19-Jun-1989",34.0932225,-116.366565,0,0,0,1989,NA,NA,"2021"
"joshua_1989_inside_06","JOSHUA","19-Jun-1989",34.0930944,-116.3652786,0,0,0,1989,NA,NA,"2021"
"joshua_1989_outside_06","JOSHUA","19-Jun-1989",34.0925554,-116.3659936,0,0,0,1989,NA,NA,"2021"
"joshua_1989_inside_07","JOSHUA","19-Jun-1989",34.0957516,-116.3670048,0,0,0,1989,NA,NA,"2021"
"joshua_1989_outside_07","JOSHUA","19-Jun-1989",34.0952625,-116.3677675,0,0,0,1989,NA,NA,"2021"
"blackbrush_1987_inside_01","BLACKBRUSH","01-Sep-1987",33.9921316,-116.2911569,0,0,0,1987,NA,NA,"2021; 2025"
"blackbrush_1987_outside_01","BLACKBRUSH","01-Sep-1987",33.9928598,-116.2914239,0,0,0,1987,NA,NA,"2021; 2025"
"blackbrush_1987_inside_02","BLACKBRUSH","01-Sep-1987",33.989603,-116.2966391,0,0,0,1987,NA,NA,"2021; 2025"
"blackbrush_1987_outside_02","BLACKBRUSH","01-Sep-1987",33.9899329,-116.2974335,0,0,0,1987,NA,NA,"2021; 2025"
"blackbrush_1987_inside_03","BLACKBRUSH","01-Sep-1987",33.991381,-116.2933629,0,0,0,1987,NA,NA,"2021; 2025"
"blackbrush_1987_outside_03","BLACKBRUSH","01-Sep-1987",33.9921427,-116.293438,0,0,0,1987,NA,NA,"2021; 2025"
"blackbrush_1987_inside_04","BLACKBRUSH","01-Sep-1987",33.9902469,-116.2956808,0,0,0,1987,NA,NA,"2021; 2025"
"blackbrush_1987_outside_04","BLACKBRUSH","01-Sep-1987",33.9909371,-116.2961608,0,0,0,1987,NA,NA,"2021; 2025"
"mary_1984_inside_01","MARY","28-May-1984",34.5127882,-117.9943052,0,0,0,1984,NA,NA,"2025"
"mary_1984_outside_01","MARY","28-May-1984",34.5128787,-117.9934958,0,0,0,1984,NA,NA,"2025"
"mary_1984_inside_02","MARY","28-May-1984",34.5144552,-117.9969254,0,0,0,1984,NA,NA,"2025"
"mary_1984_outside_02","MARY","28-May-1984",34.5144391,-117.9961726,0,0,0,1984,NA,NA,"2025"
"mary_1984_inside_03","MARY","28-May-1984",34.5107309,-117.9945426,0,0,0,1984,NA,NA,"2025"
"mary_1984_outside_03","MARY","28-May-1984",34.5104946,-117.9937103,0,0,0,1984,NA,NA,"2025"
"beacon_1993_inside_01","Beacon","12-Aug-1993",36.918902,-114.2683133,0,0,0,1993,NA,NA,"2015; 2025"
"beacon_1993_outside_01","Beacon","12-Aug-1993",36.9195588,-114.2683296,0,0,0,1993,NA,NA,"2015; 2025"
"beacon_1993_inside_02","Beacon","12-Aug-1993",36.8983882,-114.2686701,0,0,0,1993,NA,NA,"2015; 2025"
"beacon_1993_outside_02","Beacon","12-Aug-1993",36.8990283,-114.2688269,0,0,0,1993,NA,NA,"2015; 2025"
"beacon_1993_inside_03","Beacon","12-Aug-1993",36.9203625,-114.2650204,0,0,0,1993,NA,NA,"2015; 2025"
"beacon_1993_outside_03","Beacon","12-Aug-1993",36.9211051,-114.265401,0,0,0,1993,NA,NA,"2015; 2025"
"beacon_1993_inside_04","Beacon","12-Aug-1993",36.9175122,-114.2700117,0,0,0,1993,NA,NA,"2015; 2025"
"beacon_1993_outside_04","Beacon","12-Aug-1993",36.9182123,-114.2704288,0,0,0,1993,NA,NA,"2015; 2025"
"beacon_1993_inside_05","Beacon","12-Aug-1993",36.8781193,-114.3038755,0,0,0,1993,NA,NA,"2015; 2025"
"beacon_1993_outside_05","Beacon","12-Aug-1993",36.8777065,-114.3046988,0,0,0,1993,NA,NA,"2015; 2025"
"beacon_1993_inside_06","Beacon","12-Aug-1993",36.9192875,-114.2666295,0,0,0,1993,NA,NA,"2015; 2025"
"beacon_1993_outside_06","Beacon","12-Aug-1993",36.920029,-114.2671059,0,0,0,1993,NA,NA,"2015; 2025"
"beacon_1993_inside_07","Beacon","12-Aug-1993",36.9018692,-114.271462,0,0,0,1993,NA,NA,"2015; 2025"
"beacon_1993_outside_07","Beacon","12-Aug-1993",36.902268,-114.2702281,0,0,0,1993,NA,NA,"2015; 2025"
"bunker_1993_inside_01","Bunker","09-Aug-1993",36.7116485,-114.0946403,0,0,0,1993,NA,NA,"2015; 2025"
"bunker_1993_outside_01","Bunker","09-Aug-1993",36.7124303,-114.0955586,0,0,0,1993,NA,NA,"2015; 2025"
"bunker_1993_inside_02","Bunker","09-Aug-1993",36.7106945,-114.0960395,0,0,0,1993,NA,NA,"2015; 2025"
"bunker_1993_outside_02","Bunker","09-Aug-1993",36.7107038,-114.0967666,0,0,0,1993,NA,NA,"2015; 2025"
"bunker_1993_inside_03","Bunker","09-Aug-1993",36.7188399,-114.0914279,0,0,0,1993,NA,NA,"2015; 2025"
"bunker_1993_outside_03","Bunker","09-Aug-1993",36.7188754,-114.0922453,0,0,0,1993,NA,NA,"2015; 2025"
"bunker_1993_inside_04","Bunker","09-Aug-1993",36.6971771,-114.1087555,0,0,0,1993,NA,NA,"2015; 2025"
"bunker_1993_outside_04","Bunker","09-Aug-1993",36.6973161,-114.1094937,0,0,0,1993,NA,NA,"2015; 2025"
"bunker_1993_inside_05","Bunker","09-Aug-1993",36.6890511,-114.0813676,0,0,0,1993,NA,NA,"2015; 2025"
"bunker_1993_outside_05","Bunker","09-Aug-1993",36.6887207,-114.0804239,0,0,0,1993,NA,NA,"2015; 2025"
"bunker_1993_inside_06","Bunker","09-Aug-1993",36.7158983,-114.0928362,0,0,0,1993,NA,NA,"2015; 2025"
"bunker_1993_outside_06","Bunker","09-Aug-1993",36.7163192,-114.0935532,0,0,0,1993,NA,NA,"2015; 2025"
"bunker_1993_inside_07","Bunker","09-Aug-1993",36.7167548,-114.0925292,0,0,0,1993,NA,NA,"2015; 2025"
"bunker_1993_outside_07","Bunker","09-Aug-1993",36.7170676,-114.0932964,0,0,0,1993,NA,NA,"2015; 2025"
"bunker_1993_inside_08","Bunker","09-Aug-1993",36.7267098,-114.0858554,0,0,0,1993,NA,NA,"2015; 2025"
"bunker_1993_outside_08","Bunker","09-Aug-1993",36.7269303,-114.0850601,0,0,0,1993,NA,NA,"2015; 2025"
"bunker_1993_inside_09","Bunker","09-Aug-1993",36.7253014,-114.0895634,0,0,0,1993,NA,NA,"2015; 2025"
"bunker_1993_outside_09","Bunker","09-Aug-1993",36.7259611,-114.0899232,0,0,0,1993,NA,NA,"2015; 2025"
"bunker_1993_inside_10","Bunker","09-Aug-1993",36.721846,-114.0903453,0,0,0,1993,NA,NA,"2015; 2025"
"bunker_1993_outside_10","Bunker","09-Aug-1993",36.7221931,-114.0911168,0,0,0,1993,NA,NA,"2015; 2025"
"bunker_1993_inside_11","Bunker","09-Aug-1993",36.7154088,-114.093647,0,0,0,1993,NA,NA,"2015; 2025"
"bunker_1993_outside_11","Bunker","09-Aug-1993",36.7161158,-114.0940046,0,0,0,1993,NA,NA,"2015; 2025"
"bunker_1993_inside_12","Bunker","09-Aug-1993",36.7148221,-114.0943155,0,0,0,1993,NA,NA,"2015; 2025"
"bunker_1993_outside_12","Bunker","09-Aug-1993",36.7153289,-114.095054,0,0,0,1993,NA,NA,"2015; 2025"
"bunker_1993_inside_13","Bunker","09-Aug-1993",36.7257772,-114.0847241,0,0,0,1993,NA,NA,"2015; 2025"
"bunker_1993_outside_13","Bunker","09-Aug-1993",36.7264869,-114.0843519,0,0,0,1993,NA,NA,"2015; 2025"
"bunker_1993_inside_14","Bunker","09-Aug-1993",36.7254673,-114.0868304,0,0,0,1993,NA,NA,"2015; 2025"
"bunker_1993_outside_14","Bunker","09-Aug-1993",36.7261539,-114.0872818,0,0,0,1993,NA,NA,"2015; 2025"
"bunker_1993_inside_15","Bunker","09-Aug-1993",36.7241395,-114.082319,0,0,0,1993,NA,NA,"2015; 2025"
"bunker_1993_outside_15","Bunker","09-Aug-1993",36.7245161,-114.0814947,0,0,0,1993,NA,NA,"2015; 2025"
"bunker_1993_inside_16","Bunker","09-Aug-1993",36.7176308,-114.0920531,0,0,0,1993,NA,NA,"2015; 2025"
"bunker_1993_outside_16","Bunker","09-Aug-1993",36.7180765,-114.0928693,0,0,0,1993,NA,NA,"2015; 2025"
"bunker_1993_inside_17","Bunker","09-Aug-1993",36.6841349,-114.080194,0,0,0,1993,NA,NA,"2015; 2025"
"bunker_1993_outside_17","Bunker","09-Aug-1993",36.6848363,-114.0807373,0,0,0,1993,NA,NA,"2015; 2025"
"bunker_1993_inside_18","Bunker","09-Aug-1993",36.6879445,-114.0868886,0,0,0,1993,NA,NA,"2015; 2025"
"bunker_1993_outside_18","Bunker","09-Aug-1993",36.6873264,-114.0862393,0,0,0,1993,NA,NA,"2015; 2025"
"bunker_1993_inside_19","Bunker","09-Aug-1993",36.7098574,-114.0977331,0,0,0,1993,NA,NA,"2015; 2025"
"bunker_1993_outside_19","Bunker","09-Aug-1993",36.7103566,-114.0969042,0,0,0,1993,NA,NA,"2015; 2025"
"bunker_1993_inside_20","Bunker","09-Aug-1993",36.6851507,-114.0861804,0,0,0,1993,NA,NA,"2015; 2025"
"bunker_1993_outside_20","Bunker","09-Aug-1993",36.6859455,-114.0860541,0,0,0,1993,NA,NA,"2015; 2025"
