"site_id","pair_id","fire_label","fire_year","fire_name","fire_date","type","region","lat","lon","min_lon","min_lat","max_lon","max_lat","site_other_burn_years","imagery_pre_fire_date","imagery_post_fire_date","imagery_notes","site_notes"
"johnson_2024_inside_01","johnson_2024_pair01","johnson_2024",2024,"JOHNSON","2024-08-27","border_pair","inside",34.4021494,-117.5599807,-117.5603089,34.4018774,-117.5596525,34.4024214,"1942;1960","2022","2025-05-23","post-fire imagery difficult to see; pre-fire: year only (no specific date found)",NA
"johnson_2024_outside_01","johnson_2024_pair01","johnson_2024",2024,"JOHNSON","2024-08-27","border_pair","outside",34.4020233,-117.5608858,-117.561214,34.4017513,-117.5605576,34.4022954,"1942;1960","2022","2025-05-23","post-fire imagery difficult to see; pre-fire: year only (no specific date found)",NA
"johnson_2024_inside_02","johnson_2024_pair02","johnson_2024",2024,"JOHNSON","2024-08-27","border_pair","inside",34.4027366,-117.5600961,-117.5604243,34.4024645,-117.559768,34.4030086,"1942;1960","2022","2025-05-23","post-fire imagery difficult to see; pre-fire: year only (no specific date found)",NA
"johnson_2024_outside_02","johnson_2024_pair02","johnson_2024",2024,"JOHNSON","2024-08-27","border_pair","outside",34.402634,-117.5610568,-117.561385,34.402362,-117.5607286,34.4029061,"1942;1960","2022","2025-05-23","post-fire imagery difficult to see; pre-fire: year only (no specific date found)",NA
"johnson_2024_inside_03","johnson_2024_pair03","johnson_2024",2024,"JOHNSON","2024-08-27","border_pair","inside",34.4015902,-117.5596905,-117.5600187,34.4013182,-117.5593623,34.4018623,"1942;1960","2022","2025-05-23","post-fire imagery difficult to see; pre-fire: year only (no specific date found)",NA
"johnson_2024_outside_03","johnson_2024_pair03","johnson_2024",2024,"JOHNSON","2024-08-27","border_pair","outside",34.4012916,-117.560624,-117.5609522,34.4010195,-117.5602959,34.4015636,"1942;1960","2022","2025-05-23","post-fire imagery difficult to see; pre-fire: year only (no specific date found)",NA
"johnson_2024_inside_04","johnson_2024_pair04","johnson_2024",2024,"JOHNSON","2024-08-27","border_pair","inside",34.398781,-117.5582245,-117.5585527,34.398509,-117.5578963,34.399053,"1942;1960","2022","2025-05-23","post-fire imagery difficult to see; pre-fire: year only (no specific date found)",NA
"johnson_2024_outside_04","johnson_2024_pair04","johnson_2024",2024,"JOHNSON","2024-08-27","border_pair","outside",34.398241,-117.5589858,-117.5593139,34.397969,-117.5586576,34.398513,"1942;1960","2022","2025-05-23","post-fire imagery difficult to see; pre-fire: year only (no specific date found)",NA
"johnson_2024_inside_05",NA,"johnson_2024",2024,"JOHNSON","2024-08-27","interior","inside",34.4038769,-117.5596125,-117.5599407,34.4036049,-117.5592843,34.4041489,"1942;1960","2022","2025-05-23","post-fire imagery difficult to see; pre-fire: year only (no specific date found)",NA
"johnson_2024_inside_06",NA,"johnson_2024",2024,"JOHNSON","2024-08-27","interior","inside",34.402591,-117.5592163,-117.5595444,34.402319,-117.5588881,34.4028631,"1942;1960","2022","2025-05-23","post-fire imagery difficult to see; pre-fire: year only (no specific date found)",NA
"johnson_2024_inside_07",NA,"johnson_2024",2024,"JOHNSON","2024-08-27","interior","inside",34.401608,-117.5585817,-117.5589098,34.401336,-117.5582535,34.4018801,"1942;1960","2022","2025-05-23","post-fire imagery difficult to see; pre-fire: year only (no specific date found)",NA
"johnson_2024_inside_08",NA,"johnson_2024",2024,"JOHNSON","2024-08-27","interior","inside",34.3981505,-117.5576628,-117.557991,34.3978785,-117.5573347,34.3984225,"1942;1960","2022","2025-05-23","post-fire imagery difficult to see; pre-fire: year only (no specific date found)",NA
"johnson_2024_inside_09",NA,"johnson_2024",2024,"JOHNSON","2024-08-27","interior","inside",34.3980501,-117.5556727,-117.5560009,34.397778,-117.5553446,34.3983221,"1942;1960","2022","2025-05-23","post-fire imagery difficult to see; pre-fire: year only (no specific date found)",NA
"cal_2024_inside_01",NA,"cal_2024",2024,"CAL","2024-08-08","interior","inside",35.0269992,-118.3607015,-118.3610348,35.0267251,-118.3603683,35.0272733,"","2017-04-29;2023-01-25","2025-04-23","too many markers dropped?",NA
"cal_2024_inside_02",NA,"cal_2024",2024,"CAL","2024-08-08","interior","inside",35.0253859,-118.3593266,-118.3596599,35.0251118,-118.3589934,35.0256601,"","2017-04-29;2023-01-25","2025-04-23","too many markers dropped?",NA
"york_2023_inside_01","york_2023_pair01","york_2023",2023,"YORK","2023-07-27","border_pair","inside",35.2819368,-115.1544347,-115.1547706,35.2816614,-115.1540988,35.2822122,"","2017-11-18;2021-03-28","2023-10-27","post-fire imagery difficult; not sure review is possible",NA
"york_2023_outside_01","york_2023_pair01","york_2023",2023,"YORK","2023-07-27","border_pair","outside",35.2811198,-115.1541273,-115.1544631,35.2808444,-115.1537914,35.2813952,"","2017-11-18;2021-03-28","2023-10-27","post-fire imagery difficult; not sure review is possible",NA
"york_2023_inside_02","york_2023_pair02","york_2023",2023,"YORK","2023-07-27","border_pair","inside",35.2832422,-115.1508523,-115.1511882,35.2829668,-115.1505164,35.2835176,"","2017-11-18;2021-03-28","2023-10-27","post-fire imagery difficult; not sure review is possible",NA
"york_2023_outside_02","york_2023_pair02","york_2023",2023,"YORK","2023-07-27","border_pair","outside",35.2824548,-115.150446,-115.1507818,35.2821794,-115.1501101,35.2827302,"","2017-11-18;2021-03-28","2023-10-27","post-fire imagery difficult; not sure review is possible",NA
"york_2023_inside_03","york_2023_pair03","york_2023",2023,"YORK","2023-07-27","border_pair","inside",35.2803362,-115.1548614,-115.1551973,35.2800608,-115.1545256,35.2806116,"","2017-11-18;2021-03-28","2023-10-27","post-fire imagery difficult; not sure review is possible",NA
"york_2023_outside_03","york_2023_pair03","york_2023",2023,"YORK","2023-07-27","border_pair","outside",35.2805709,-115.1538588,-115.1541947,35.2802955,-115.153523,35.2808463,"","2017-11-18;2021-03-28","2023-10-27","post-fire imagery difficult; not sure review is possible",NA
"york_2023_inside_04","york_2023_pair04","york_2023",2023,"YORK","2023-07-27","border_pair","inside",35.2814342,-115.1511942,-115.1515301,35.2811587,-115.1508583,35.2817096,"","2017-11-18;2021-03-28","2023-10-27","post-fire imagery difficult; not sure review is possible",NA
"york_2023_outside_04","york_2023_pair04","york_2023",2023,"YORK","2023-07-27","border_pair","outside",35.2817082,-115.1502065,-115.1505424,35.2814328,-115.1498706,35.2819836,"","2017-11-18;2021-03-28","2023-10-27","post-fire imagery difficult; not sure review is possible",NA
"york_2023_inside_05","york_2023_pair05","york_2023",2023,"YORK","2023-07-27","border_pair","inside",35.2807452,-115.1523397,-115.1526755,35.2804698,-115.1520038,35.2810206,"","2017-11-18;2021-03-28","2023-10-27","post-fire imagery difficult; not sure review is possible",NA
"york_2023_outside_05","york_2023_pair05","york_2023",2023,"YORK","2023-07-27","border_pair","outside",35.280228,-115.15317,-115.1535058,35.2799526,-115.1528341,35.2805034,"","2017-11-18;2021-03-28","2023-10-27","post-fire imagery difficult; not sure review is possible",NA
"york_2023_inside_06",NA,"york_2023",2023,"YORK","2023-07-27","interior","inside",35.3169857,-115.1929926,-115.1933285,35.3167104,-115.1926567,35.317261,"","2017-11-18;2021-03-28","2023-10-27","post-fire imagery difficult; not sure review is possible",NA
"york_2023_inside_07",NA,"york_2023",2023,"YORK","2023-07-27","interior","inside",35.3162495,-115.1699479,-115.1702839,35.3159741,-115.1696119,35.3165249,"","2017-11-18;2021-03-28","2023-10-27","post-fire imagery difficult; not sure review is possible",NA
"york_2023_inside_08",NA,"york_2023",2023,"YORK","2023-07-27","interior","inside",35.3277509,-115.1786141,-115.1789501,35.3274755,-115.1782782,35.3280262,"","2017-11-18;2021-03-28","2023-10-27","post-fire imagery difficult; not sure review is possible",NA
"york_2023_inside_09",NA,"york_2023",2023,"YORK","2023-07-27","interior","inside",35.3276146,-115.1864078,-115.1867437,35.3273392,-115.1860718,35.3278899,"","2017-11-18;2021-03-28","2023-10-27","post-fire imagery difficult; not sure review is possible",NA
"york_2023_inside_10",NA,"york_2023",2023,"YORK","2023-07-27","interior","inside",35.3297234,-115.184561,-115.184897,35.3294481,-115.184225,35.3299987,"","2017-11-18;2021-03-28","2023-10-27","post-fire imagery difficult; not sure review is possible",NA
"york_2023_inside_11",NA,"york_2023",2023,"YORK","2023-07-27","interior","inside",35.3296681,-115.1768873,-115.1772233,35.3293928,-115.1765513,35.3299435,"","2017-11-18;2021-03-28","2023-10-27","post-fire imagery difficult; not sure review is possible",NA
"york_2023_inside_12",NA,"york_2023",2023,"YORK","2023-07-27","interior","inside",35.3247407,-115.1963804,-115.1967163,35.3244654,-115.1960445,35.325016,"","2017-11-18;2021-03-28","2023-10-27","post-fire imagery difficult; not sure review is possible",NA
"york_2023_inside_13",NA,"york_2023",2023,"YORK","2023-07-27","interior","inside",35.304925,-115.1750228,-115.1753587,35.3046497,-115.1746869,35.3052004,"","2017-11-18;2021-03-28","2023-10-27","post-fire imagery difficult; not sure review is possible",NA
"york_2023_inside_14",NA,"york_2023",2023,"YORK","2023-07-27","interior","inside",35.3042881,-115.1914444,-115.1917803,35.3040128,-115.1911086,35.3045635,"","2017-11-18;2021-03-28","2023-10-27","post-fire imagery difficult; not sure review is possible",NA
"york_2023_inside_15",NA,"york_2023",2023,"YORK","2023-07-27","interior","inside",35.3183988,-115.2020759,-115.2024118,35.3181236,-115.2017401,35.3186741,"","2017-11-18;2021-03-28","2023-10-27","post-fire imagery difficult; not sure review is possible",NA
"geology_2023_inside_01","geology_2023_pair01","geology_2023",2023,"GEOLOGY","2023-06-09","border_pair","inside",33.9068675,-116.0367287,-116.0370562,33.9065944,-116.0364012,33.9071405,"","2021-06-11;2019-12-11;2018-02-17","2025-05-24","post-fire imagery clear",NA
"geology_2023_outside_01","geology_2023_pair01","geology_2023",2023,"GEOLOGY","2023-06-09","border_pair","outside",33.9066527,-116.0357359,-116.0360634,33.9063796,-116.0354084,33.9069257,"","2021-06-11;2019-12-11;2018-02-17","2025-05-24","post-fire imagery clear",NA
"geology_2023_inside_02","geology_2023_pair02","geology_2023",2023,"GEOLOGY","2023-06-09","border_pair","inside",33.8945318,-116.0470609,-116.0473883,33.8942587,-116.0467334,33.8948048,"","2021-06-11;2019-12-11;2018-02-17","2025-05-24","post-fire imagery clear",NA
"geology_2023_outside_02","geology_2023_pair02","geology_2023",2023,"GEOLOGY","2023-06-09","border_pair","outside",33.8937861,-116.0465586,-116.0468861,33.893513,-116.0462312,33.8940591,"","2021-06-11;2019-12-11;2018-02-17","2025-05-24","post-fire imagery clear",NA
"geology_2023_inside_03","geology_2023_pair03","geology_2023",2023,"GEOLOGY","2023-06-09","border_pair","inside",33.9152063,-116.0489687,-116.0492962,33.9149333,-116.0486412,33.9154793,"","2021-06-11;2019-12-11;2018-02-17","2025-05-24","post-fire imagery clear",NA
"geology_2023_outside_03","geology_2023_pair03","geology_2023",2023,"GEOLOGY","2023-06-09","border_pair","outside",33.9154522,-116.0499512,-116.0502787,33.9151791,-116.0496238,33.9157252,"","2021-06-11;2019-12-11;2018-02-17","2025-05-24","post-fire imagery clear",NA
"geology_2023_inside_04","geology_2023_pair04","geology_2023",2023,"GEOLOGY","2023-06-09","border_pair","inside",33.9165654,-116.0481703,-116.0484978,33.9162923,-116.0478428,33.9168384,"","2021-06-11;2019-12-11;2018-02-17","2025-05-24","post-fire imagery clear","no JT"
"geology_2023_outside_04","geology_2023_pair04","geology_2023",2023,"GEOLOGY","2023-06-09","border_pair","outside",33.917272,-116.0487482,-116.0490758,33.9169989,-116.0484207,33.917545,"","2021-06-11;2019-12-11;2018-02-17","2025-05-24","post-fire imagery clear","no JT"
"geology_2023_inside_05","geology_2023_pair05","geology_2023",2023,"GEOLOGY","2023-06-09","border_pair","inside",33.9076749,-116.052628,-116.0529554,33.9074018,-116.0523005,33.9079479,"","2021-06-11;2019-12-11;2018-02-17","2025-05-24","post-fire imagery clear",NA
"geology_2023_outside_05","geology_2023_pair05","geology_2023",2023,"GEOLOGY","2023-06-09","border_pair","outside",33.9081012,-116.0535172,-116.0538446,33.9078282,-116.0531897,33.9083742,"","2021-06-11;2019-12-11;2018-02-17","2025-05-24","post-fire imagery clear",NA
"geology_2023_inside_06",NA,"geology_2023",2023,"GEOLOGY","2023-06-09","interior","inside",33.9110145,-116.037592,-116.0379195,33.9107414,-116.0372645,33.9112876,"","2021-06-11;2019-12-11;2018-02-17","2025-05-24","post-fire imagery clear",NA
"geology_2023_inside_07",NA,"geology_2023",2023,"GEOLOGY","2023-06-09","interior","inside",33.915685,-116.0464805,-116.046808,33.915412,-116.046153,33.9159581,"","2021-06-11;2019-12-11;2018-02-17","2025-05-24","post-fire imagery clear","no JT"
"geology_2023_inside_08",NA,"geology_2023",2023,"GEOLOGY","2023-06-09","interior","inside",33.9099354,-116.0438263,-116.0441538,33.9096624,-116.0434988,33.9102085,"","2021-06-11;2019-12-11;2018-02-17","2025-05-24","post-fire imagery clear",NA
"geology_2023_inside_09",NA,"geology_2023",2023,"GEOLOGY","2023-06-09","interior","inside",33.9105563,-116.0386732,-116.0390007,33.9102832,-116.0383457,33.9108293,"","2021-06-11;2019-12-11;2018-02-17","2025-05-24","post-fire imagery clear",NA
"geology_2023_inside_10",NA,"geology_2023",2023,"GEOLOGY","2023-06-09","interior","inside",33.8972853,-116.0502071,-116.0505345,33.8970123,-116.0498797,33.8975583,"","2021-06-11;2019-12-11;2018-02-17","2025-05-24","post-fire imagery clear",NA
"geology_2023_inside_11",NA,"geology_2023",2023,"GEOLOGY","2023-06-09","interior","inside",33.9133375,-116.042276,-116.0426035,33.9130644,-116.0419484,33.9136105,"","2021-06-11;2019-12-11;2018-02-17","2025-05-24","post-fire imagery clear",NA
"geology_2023_inside_12",NA,"geology_2023",2023,"GEOLOGY","2023-06-09","interior","inside",33.9050649,-116.0414765,-116.041804,33.9047918,-116.041149,33.905338,"","2021-06-11;2019-12-11;2018-02-17","2025-05-24","post-fire imagery clear",NA
"geology_2023_inside_13",NA,"geology_2023",2023,"GEOLOGY","2023-06-09","interior","inside",33.8961282,-116.0457193,-116.0460468,33.8958551,-116.0453919,33.8964012,"","2021-06-11;2019-12-11;2018-02-17","2025-05-24","post-fire imagery clear",NA
"geology_2023_inside_14",NA,"geology_2023",2023,"GEOLOGY","2023-06-09","interior","inside",33.8956297,-116.0474464,-116.0477739,33.8953567,-116.047119,33.8959028,"","2021-06-11;2019-12-11;2018-02-17","2025-05-24","post-fire imagery clear",NA
"geology_2023_inside_15",NA,"geology_2023",2023,"GEOLOGY","2023-06-09","interior","inside",33.908507,-116.0444572,-116.0447846,33.908234,-116.0441297,33.9087801,"","2021-06-11;2019-12-11;2018-02-17","2025-05-24","post-fire imagery clear",NA
"boulevard_2023_inside_01","boulevard_2023_pair01","boulevard_2023",2023,"BOULEVARD","2023-08-03","border_pair","inside",35.094923,-118.2959559,-118.2962893,35.0946491,-118.2956226,35.095197,"","2017-04-29","2023-09-16","not sure; only post-fire date is 1 month post-fire",NA
"boulevard_2023_outside_01","boulevard_2023_pair01","boulevard_2023",2023,"BOULEVARD","2023-08-03","border_pair","outside",35.0956656,-118.2956597,-118.295993,35.0953916,-118.2953263,35.0959395,"","2017-04-29","2023-09-16","not sure; only post-fire date is 1 month post-fire",NA
"sheep_2022_inside_01",NA,"sheep_2022",2022,"SHEEP","2022-06-11","interior","inside",34.3694971,-117.6111513,-117.6114795,34.3692249,-117.6108231,34.3697692,"","2022-05-30","2023-05-19;2025-06-16",NA,NA
"sheep_2022_inside_02",NA,"sheep_2022",2022,"SHEEP","2022-06-11","interior","inside",34.3658386,-117.6137105,-117.6140387,34.3655664,-117.6133823,34.3661108,"","2022-05-30","2023-05-19;2025-06-16",NA,NA
"sheep_2022_inside_03",NA,"sheep_2022",2022,"SHEEP","2022-06-11","interior","inside",34.3731594,-117.6105274,-117.6108557,34.3728873,-117.6101992,34.3734316,"","2022-05-30","2023-05-19;2025-06-16",NA,NA
"sheep_2022_inside_04",NA,"sheep_2022",2022,"SHEEP","2022-06-11","interior","inside",34.3672417,-117.610301,-117.6106292,34.3669695,-117.6099728,34.3675138,"","2022-05-30","2023-05-19;2025-06-16",NA,NA
"elk_trail_2022_inside_01","elk_trail_2022_pair01","elk_trail_2022",2022,"ELK TRAIL","2022-05-25","border_pair","inside",34.0742981,-116.4263612,-116.4266882,34.074026,-116.4260343,34.0745701,"","2019-12-12;2021-06-11","2025-05-24;2026-03-14",NA,NA
"elk_trail_2022_outside_01","elk_trail_2022_pair01","elk_trail_2022",2022,"ELK TRAIL","2022-05-25","border_pair","outside",34.0735551,-116.4260457,-116.4263726,34.073283,-116.4257187,34.0738271,"","2019-12-12;2021-06-11","2025-05-24;2026-03-14",NA,NA
"elk_trail_2022_inside_02","elk_trail_2022_pair02","elk_trail_2022",2022,"ELK TRAIL","2022-05-25","border_pair","inside",34.083045,-116.442382,-116.4427089,34.082773,-116.4420551,34.083317,"","2019-12-12;2021-06-11","2025-05-24;2026-03-14",NA,NA
"elk_trail_2022_outside_02","elk_trail_2022_pair02","elk_trail_2022",2022,"ELK TRAIL","2022-05-25","border_pair","outside",34.0837054,-116.4430346,-116.4433615,34.0834334,-116.4427077,34.0839774,"","2019-12-12;2021-06-11","2025-05-24;2026-03-14",NA,NA
"elk_trail_2022_inside_03","elk_trail_2022_pair03","elk_trail_2022",2022,"ELK TRAIL","2022-05-25","border_pair","inside",34.080978,-116.442314,-116.4426409,34.080706,-116.4419871,34.08125,"","2019-12-12;2021-06-11","2025-05-24;2026-03-14",NA,NA
"elk_trail_2022_outside_03","elk_trail_2022_pair03","elk_trail_2022",2022,"ELK TRAIL","2022-05-25","border_pair","outside",34.0806119,-116.4432427,-116.4435696,34.0803399,-116.4429157,34.0808839,"","2019-12-12;2021-06-11","2025-05-24;2026-03-14",NA,NA
"elk_trail_2022_inside_04","elk_trail_2022_pair04","elk_trail_2022",2022,"ELK TRAIL","2022-05-25","border_pair","inside",34.073975,-116.427763,-116.4280899,34.0737029,-116.4274361,34.0742471,"","2019-12-12;2021-06-11","2025-05-24;2026-03-14",NA,NA
"elk_trail_2022_outside_04","elk_trail_2022_pair04","elk_trail_2022",2022,"ELK TRAIL","2022-05-25","border_pair","outside",34.0732485,-116.4272199,-116.4275468,34.0729764,-116.4268929,34.0735206,"","2019-12-12;2021-06-11","2025-05-24;2026-03-14",NA,NA
"elk_trail_2022_inside_05",NA,"elk_trail_2022",2022,"ELK TRAIL","2022-05-25","interior","inside",34.07705,-116.43635,-116.4366769,34.076778,-116.4360231,34.077322,"","2019-12-12;2021-06-11","2025-05-24;2026-03-14",NA,NA
"elk_trail_2022_inside_06",NA,"elk_trail_2022",2022,"ELK TRAIL","2022-05-25","interior","inside",34.076261,-116.4349,-116.4352269,34.075989,-116.4345731,34.076533,"","2019-12-12;2021-06-11","2025-05-24;2026-03-14",NA,NA
"elk_trail_2022_inside_07",NA,"elk_trail_2022",2022,"ELK TRAIL","2022-05-25","interior","inside",34.077075,-116.4384,-116.4387269,34.076803,-116.4380731,34.077347,"","2019-12-12;2021-06-11","2025-05-24;2026-03-14",NA,NA
"elk_trail_2022_inside_08",NA,"elk_trail_2022",2022,"ELK TRAIL","2022-05-25","interior","inside",34.07795,-116.439564,-116.4398909,34.077678,-116.4392371,34.078222,"","2019-12-12;2021-06-11","2025-05-24;2026-03-14",NA,NA
"elk_trail_2022_inside_09",NA,"elk_trail_2022",2022,"ELK TRAIL","2022-05-25","interior","inside",34.076101,-116.433991,-116.4343179,34.075829,-116.4336641,34.076373,"","2019-12-12;2021-06-11","2025-05-24;2026-03-14",NA,NA
"elk_trail_2022_inside_10",NA,"elk_trail_2022",2022,"ELK TRAIL","2022-05-25","interior","inside",34.080636,-116.426269,-116.426596,34.0803639,-116.425942,34.0809081,"","2019-12-12;2021-06-11","2025-05-24;2026-03-14",NA,NA
"elk_trail_2022_inside_11",NA,"elk_trail_2022",2022,"ELK TRAIL","2022-05-25","interior","inside",34.077258,-116.423447,-116.423774,34.0769859,-116.42312,34.0775301,"","2019-12-12;2021-06-11","2025-05-24;2026-03-14",NA,NA
"elk_trail_2022_inside_12",NA,"elk_trail_2022",2022,"ELK TRAIL","2022-05-25","interior","inside",34.073836,-116.429072,-116.4293989,34.0735639,-116.4287451,34.0741081,"","2019-12-12;2021-06-11","2025-05-24;2026-03-14",NA,NA
"elk_trail_2022_inside_13",NA,"elk_trail_2022",2022,"ELK TRAIL","2022-05-25","interior","inside",34.075497,-116.435606,-116.4359329,34.075225,-116.4352791,34.075769,"","2019-12-12;2021-06-11","2025-05-24;2026-03-14",NA,NA
"elk_trail_2022_inside_14",NA,"elk_trail_2022",2022,"ELK TRAIL","2022-05-25","interior","inside",34.0838333,-116.4415499,-116.4418769,34.0835613,-116.441223,34.0841054,"","2019-12-12;2021-06-11","2025-05-24;2026-03-14",NA,NA
"elk_trail_2022_inside_15",NA,"elk_trail_2022",2022,"ELK TRAIL","2022-05-25","interior","inside",34.079578,-116.441036,-116.4413629,34.079306,-116.4407091,34.07985,"","2019-12-12;2021-06-11","2025-05-24;2026-03-14",NA,NA
"mojave_2021_inside_01","mojave_2021_pair01","mojave_2021",2021,"MOJAVE","2021-06-16","border_pair","inside",35.3614351,-115.7485518,-115.7488861,35.3611612,-115.7482175,35.361709,"","2021-03-27;2016-07-02","2023-07-17","post-fire imagery difficult",NA
"mojave_2021_outside_01","mojave_2021_pair01","mojave_2021",2021,"MOJAVE","2021-06-16","border_pair","outside",35.3612685,-115.7495754,-115.7499097,35.3609946,-115.7492411,35.3615423,"","2021-03-27;2016-07-02","2023-07-17","post-fire imagery difficult",NA
"mojave_2021_inside_02","mojave_2021_pair02","mojave_2021",2021,"MOJAVE","2021-06-16","border_pair","inside",35.3658396,-115.7544445,-115.7547788,35.3655657,-115.7541102,35.3661134,"","2021-03-27;2016-07-02","2023-07-17","post-fire imagery difficult",NA
"mojave_2021_outside_02","mojave_2021_pair02","mojave_2021",2021,"MOJAVE","2021-06-16","border_pair","outside",35.3650847,-115.7539545,-115.7542888,35.3648108,-115.7536202,35.3653585,"","2021-03-27;2016-07-02","2023-07-17","post-fire imagery difficult",NA
"mojave_2021_inside_03","mojave_2021_pair03","mojave_2021",2021,"MOJAVE","2021-06-16","border_pair","inside",35.3833462,-115.7412882,-115.7416227,35.3830723,-115.7409538,35.3836201,"","2021-03-27;2016-07-02","2023-07-17","post-fire imagery difficult",NA
"mojave_2021_outside_03","mojave_2021_pair03","mojave_2021",2021,"MOJAVE","2021-06-16","border_pair","outside",35.3837973,-115.7404014,-115.7407358,35.3835234,-115.740067,35.3840712,"","2021-03-27;2016-07-02","2023-07-17","post-fire imagery difficult",NA
"mojave_2021_inside_04","mojave_2021_pair04","mojave_2021",2021,"MOJAVE","2021-06-16","border_pair","inside",35.3648476,-115.7423456,-115.74268,35.3645737,-115.7420113,35.3651214,"","2021-03-27;2016-07-02","2023-07-17","post-fire imagery difficult","didn't burn?"
"mojave_2021_outside_04","mojave_2021_pair04","mojave_2021",2021,"MOJAVE","2021-06-16","border_pair","outside",35.3650688,-115.7413374,-115.7416718,35.3647949,-115.7410031,35.3653427,"","2021-03-27;2016-07-02","2023-07-17","post-fire imagery difficult",NA
"mojave_2021_inside_05","mojave_2021_pair05","mojave_2021",2021,"MOJAVE","2021-06-16","border_pair","inside",35.3825439,-115.7397003,-115.7400348,35.3822701,-115.7393659,35.3828178,"","2021-03-27;2016-07-02","2023-07-17","post-fire imagery difficult",NA
"mojave_2021_outside_05","mojave_2021_pair05","mojave_2021",2021,"MOJAVE","2021-06-16","border_pair","outside",35.3833825,-115.7394966,-115.739831,35.3831086,-115.7391621,35.3836564,"","2021-03-27;2016-07-02","2023-07-17","post-fire imagery difficult",NA
"mojave_2021_inside_06",NA,"mojave_2021",2021,"MOJAVE","2021-06-16","interior","inside",35.3767727,-115.7376396,-115.737974,35.3764989,-115.7373052,35.3770466,"","2021-03-27;2016-07-02","2023-07-17","post-fire imagery difficult",NA
"mojave_2021_inside_07",NA,"mojave_2021",2021,"MOJAVE","2021-06-16","interior","inside",35.367926,-115.7448437,-115.7451781,35.3676522,-115.7445093,35.3681999,"","2021-03-27;2016-07-02","2023-07-17","post-fire imagery difficult",NA
"mojave_2021_inside_08",NA,"mojave_2021",2021,"MOJAVE","2021-06-16","interior","inside",35.3496219,-115.7335269,-115.7338612,35.349348,-115.7331926,35.3498958,"","2021-03-27;2016-07-02","2023-07-17","post-fire imagery difficult",NA
"mojave_2021_inside_09",NA,"mojave_2021",2021,"MOJAVE","2021-06-16","interior","inside",35.3705596,-115.7347099,-115.7350443,35.3702857,-115.7343756,35.3708335,"","2021-03-27;2016-07-02","2023-07-17","post-fire imagery difficult",NA
"mojave_2021_inside_10",NA,"mojave_2021",2021,"MOJAVE","2021-06-16","interior","inside",35.3748066,-115.7371933,-115.7375277,35.3745327,-115.7368589,35.3750805,"","2021-03-27;2016-07-02","2023-07-17","post-fire imagery difficult",NA
"mojave_2021_inside_11",NA,"mojave_2021",2021,"MOJAVE","2021-06-16","interior","inside",35.3714279,-115.7345325,-115.7348669,35.371154,-115.7341981,35.3717018,"","2021-03-27;2016-07-02","2023-07-17","post-fire imagery difficult",NA
"mojave_2021_inside_12",NA,"mojave_2021",2021,"MOJAVE","2021-06-16","interior","inside",35.356574,-115.7345994,-115.7349337,35.3563001,-115.7342651,35.3568479,"","2021-03-27;2016-07-02","2023-07-17","post-fire imagery difficult",NA
"mojave_2021_inside_13",NA,"mojave_2021",2021,"MOJAVE","2021-06-16","interior","inside",35.3694444,-115.7452714,-115.7456058,35.3691706,-115.744937,35.3697183,"","2021-03-27;2016-07-02","2023-07-17","post-fire imagery difficult",NA
"mojave_2021_inside_14",NA,"mojave_2021",2021,"MOJAVE","2021-06-16","interior","inside",35.3736894,-115.7400389,-115.7403733,35.3734155,-115.7397045,35.3739632,"","2021-03-27;2016-07-02","2023-07-17","post-fire imagery difficult",NA
"mojave_2021_inside_15",NA,"mojave_2021",2021,"MOJAVE","2021-06-16","interior","inside",35.3766477,-115.7494592,-115.7497936,35.3763739,-115.7491248,35.3769216,"","2021-03-27;2016-07-02","2023-07-17","post-fire imagery difficult",NA
"pond_2021_inside_01","pond_2021_pair01","pond_2021",2021,"POND","2021-08-29","border_pair","inside",35.2502576,-115.1494644,-115.1498002,35.2499822,-115.1491287,35.250533,"","2021-03-28","2023-07-17","only one post-fire date available (~2 years post-fire)",NA
"pond_2021_outside_01","pond_2021_pair01","pond_2021",2021,"POND","2021-08-29","border_pair","outside",35.2505017,-115.1484657,-115.1488015,35.2502263,-115.14813,35.2507771,"","2021-03-28","2023-07-17","only one post-fire date available (~2 years post-fire)",NA
"pond_2021_inside_02","pond_2021_pair02","pond_2021",2021,"POND","2021-08-29","border_pair","inside",35.2557017,-115.1516663,-115.1520021,35.2554263,-115.1513306,35.2559771,"","2021-03-28","2023-07-17","only one post-fire date available (~2 years post-fire)",NA
"pond_2021_outside_02","pond_2021_pair02","pond_2021",2021,"POND","2021-08-29","border_pair","outside",35.2561363,-115.1507688,-115.1511046,35.2558609,-115.1504331,35.2564117,"","2021-03-28","2023-07-17","only one post-fire date available (~2 years post-fire)",NA
"pond_2021_inside_03","pond_2021_pair03","pond_2021",2021,"POND","2021-08-29","border_pair","inside",35.2585338,-115.1533796,-115.1537154,35.2582583,-115.1530439,35.2588092,"","2021-03-28","2023-07-17","only one post-fire date available (~2 years post-fire)",NA
"pond_2021_outside_03","pond_2021_pair03","pond_2021",2021,"POND","2021-08-29","border_pair","outside",35.2588765,-115.1524248,-115.1527606,35.2586011,-115.152089,35.2591519,"","2021-03-28","2023-07-17","only one post-fire date available (~2 years post-fire)",NA
"pond_2021_inside_04","pond_2021_pair04","pond_2021",2021,"POND","2021-08-29","border_pair","inside",35.2635338,-115.1593029,-115.1596386,35.2632584,-115.1589671,35.2638092,"","2021-03-28","2023-07-17","only one post-fire date available (~2 years post-fire)",NA
"pond_2021_outside_04","pond_2021_pair04","pond_2021",2021,"POND","2021-08-29","border_pair","outside",35.2643322,-115.1589299,-115.1592656,35.2640568,-115.1585941,35.2646076,"","2021-03-28","2023-07-17","only one post-fire date available (~2 years post-fire)",NA
"pond_2021_inside_05","pond_2021_pair05","pond_2021",2021,"POND","2021-08-29","border_pair","inside",35.2519144,-115.1554925,-115.1558282,35.251639,-115.1551568,35.2521898,"","2021-03-28","2023-07-17","only one post-fire date available (~2 years post-fire)",NA
"pond_2021_outside_05","pond_2021_pair05","pond_2021",2021,"POND","2021-08-29","border_pair","outside",35.2512603,-115.1561638,-115.1564995,35.2509849,-115.155828,35.2515357,"","2021-03-28","2023-07-17","only one post-fire date available (~2 years post-fire)",NA
"pond_2021_inside_06",NA,"pond_2021",2021,"POND","2021-08-29","interior","inside",35.2628169,-115.1664386,-115.1667743,35.2625415,-115.1661028,35.2630922,"","2021-03-28","2023-07-17","only one post-fire date available (~2 years post-fire)",NA
"pond_2021_inside_07",NA,"pond_2021",2021,"POND","2021-08-29","interior","inside",35.2608489,-115.156043,-115.1563788,35.2605735,-115.1557072,35.2611243,"","2021-03-28","2023-07-17","only one post-fire date available (~2 years post-fire)",NA
"pond_2021_inside_08",NA,"pond_2021",2021,"POND","2021-08-29","interior","inside",35.2588921,-115.15546,-115.1557957,35.2586167,-115.1551242,35.2591675,"","2021-03-28","2023-07-17","only one post-fire date available (~2 years post-fire)",NA
"pond_2021_inside_09",NA,"pond_2021",2021,"POND","2021-08-29","interior","inside",35.2630013,-115.1632859,-115.1636217,35.2627259,-115.1629502,35.2632766,"","2021-03-28","2023-07-17","only one post-fire date available (~2 years post-fire)",NA
"pond_2021_inside_10",NA,"pond_2021",2021,"POND","2021-08-29","interior","inside",35.2551647,-115.1594581,-115.1597938,35.2548893,-115.1591224,35.2554401,"","2021-03-28","2023-07-17","only one post-fire date available (~2 years post-fire)",NA
"pond_2021_inside_11",NA,"pond_2021",2021,"POND","2021-08-29","interior","inside",35.2557853,-115.1608474,-115.1611831,35.2555099,-115.1605116,35.2560607,"","2021-03-28","2023-07-17","only one post-fire date available (~2 years post-fire)",NA
"pond_2021_inside_12",NA,"pond_2021",2021,"POND","2021-08-29","interior","inside",35.26199,-115.1606075,-115.1609432,35.2617146,-115.1602717,35.2622654,"","2021-03-28","2023-07-17","only one post-fire date available (~2 years post-fire)",NA
"pond_2021_inside_13",NA,"pond_2021",2021,"POND","2021-08-29","interior","inside",35.2615302,-115.1670741,-115.1674098,35.2612548,-115.1667384,35.2618056,"","2021-03-28","2023-07-17","only one post-fire date available (~2 years post-fire)",NA
"pond_2021_inside_14",NA,"pond_2021",2021,"POND","2021-08-29","interior","inside",35.2568575,-115.1545619,-115.1548977,35.2565821,-115.1542262,35.2571329,"","2021-03-28","2023-07-17","only one post-fire date available (~2 years post-fire)",NA
"pond_2021_inside_15",NA,"pond_2021",2021,"POND","2021-08-29","interior","inside",35.2650576,-115.1688811,-115.1692168,35.2647823,-115.1685453,35.265333,"","2021-03-28","2023-07-17","only one post-fire date available (~2 years post-fire)",NA
"dome_2020_inside_01","dome_2020_pair01","dome_2020",2020,"DOME","2020-08-14","border_pair","inside",35.2488459,-115.528734,-115.5290685,35.2485715,-115.5283994,35.2491204,"","2016-07-02","2021-03-27;2023-07-17;2024-06-17",NA,NA
"dome_2020_outside_01","dome_2020_pair01","dome_2020",2020,"DOME","2020-08-14","border_pair","outside",35.2480176,-115.5284768,-115.5288113,35.2477432,-115.5281422,35.248292,"","2016-07-02","2021-03-27;2023-07-17;2024-06-17",NA,NA
"dome_2020_inside_02","dome_2020_pair02","dome_2020",2020,"DOME","2020-08-14","border_pair","inside",35.2491702,-115.5266972,-115.5270317,35.2488958,-115.5263626,35.2494447,"","2016-07-02","2021-03-27;2023-07-17;2024-06-17",NA,NA
"dome_2020_outside_02","dome_2020_pair02","dome_2020",2020,"DOME","2020-08-14","border_pair","outside",35.248317,-115.5267609,-115.5270955,35.2480426,-115.5264264,35.2485914,"","2016-07-02","2021-03-27;2023-07-17;2024-06-17",NA,NA
"dome_2020_inside_03","dome_2020_pair03","dome_2020",2020,"DOME","2020-08-14","border_pair","inside",35.2450384,-115.5094463,-115.5097809,35.2447639,-115.5091117,35.2453129,"","2016-07-02","2021-03-27;2023-07-17;2024-06-17",NA,NA
"dome_2020_outside_03","dome_2020_pair03","dome_2020",2020,"DOME","2020-08-14","border_pair","outside",35.2442183,-115.5097406,-115.5100752,35.2439438,-115.509406,35.2444928,"","2016-07-02","2021-03-27;2023-07-17;2024-06-17",NA,NA
"dome_2020_inside_04","dome_2020_pair04","dome_2020",2020,"DOME","2020-08-14","border_pair","inside",35.3719517,-115.5356461,-115.5359811,35.3716773,-115.535311,35.3722261,"","2016-07-02","2021-03-27;2023-07-17;2024-06-17",NA,NA
"dome_2020_outside_04","dome_2020_pair04","dome_2020",2020,"DOME","2020-08-14","border_pair","outside",35.3715474,-115.5347265,-115.5350615,35.3712729,-115.5343914,35.3718218,"","2016-07-02","2021-03-27;2023-07-17;2024-06-17",NA,NA
"dome_2020_inside_05","dome_2020_pair05","dome_2020",2020,"DOME","2020-08-14","border_pair","inside",35.2560393,-115.6633666,-115.6637007,35.2557652,-115.6630324,35.2563134,"","2016-07-02","2021-03-27;2023-07-17;2024-06-17",NA,NA
"dome_2020_outside_05","dome_2020_pair05","dome_2020",2020,"DOME","2020-08-14","border_pair","outside",35.2552384,-115.6637314,-115.6640656,35.2549644,-115.6633973,35.2555125,"","2016-07-02","2021-03-27;2023-07-17;2024-06-17",NA,NA
"dome_2020_inside_06",NA,"dome_2020",2020,"DOME","2020-08-14","interior","inside",35.2840533,-115.5771932,-115.5775277,35.283779,-115.5768587,35.2843276,"","2016-07-02","2021-03-27;2023-07-17;2024-06-17",NA,NA
"dome_2020_inside_07",NA,"dome_2020",2020,"DOME","2020-08-14","interior","inside",35.2715599,-115.5290412,-115.5293759,35.2712854,-115.5287066,35.2718343,"","2016-07-02","2021-03-27;2023-07-17;2024-06-17",NA,NA
"dome_2020_inside_08",NA,"dome_2020",2020,"DOME","2020-08-14","interior","inside",35.2892861,-115.5031753,-115.5035101,35.2890116,-115.5028405,35.2895606,"","2016-07-02","2021-03-27;2023-07-17;2024-06-17",NA,NA
"dome_2020_inside_09",NA,"dome_2020",2020,"DOME","2020-08-14","interior","inside",35.2961985,-115.6587435,-115.6590779,35.2959244,-115.6584092,35.2964726,"","2016-07-02","2021-03-27;2023-07-17;2024-06-17",NA,NA
"dome_2020_inside_10",NA,"dome_2020",2020,"DOME","2020-08-14","interior","inside",35.3273617,-115.6096871,-115.6100217,35.3270875,-115.6093525,35.3276359,"","2016-07-02","2021-03-27;2023-07-17;2024-06-17",NA,NA
"dome_2020_inside_11",NA,"dome_2020",2020,"DOME","2020-08-14","interior","inside",35.2785834,-115.6032664,-115.6036008,35.2783092,-115.6029319,35.2788577,"","2016-07-02","2021-03-27;2023-07-17;2024-06-17",NA,NA
"dome_2020_inside_12",NA,"dome_2020",2020,"DOME","2020-08-14","interior","inside",35.2441107,-115.5438489,-115.5441834,35.2438363,-115.5435144,35.2443851,"","2016-07-02","2021-03-27;2023-07-17;2024-06-17",NA,NA
"dome_2020_inside_13",NA,"dome_2020",2020,"DOME","2020-08-14","interior","inside",35.2718899,-115.6318877,-115.632222,35.2716158,-115.6315534,35.2721641,"","2016-07-02","2021-03-27;2023-07-17;2024-06-17",NA,NA
"dome_2020_inside_14",NA,"dome_2020",2020,"DOME","2020-08-14","interior","inside",35.3302676,-115.52066,-115.5209949,35.3299931,-115.5203251,35.330542,"","2016-07-02","2021-03-27;2023-07-17;2024-06-17",NA,NA
"dome_2020_inside_15",NA,"dome_2020",2020,"DOME","2020-08-14","interior","inside",35.3340398,-115.5586955,-115.5590303,35.3337654,-115.5583607,35.3343141,"","2016-07-02","2021-03-27;2023-07-17;2024-06-17",NA,NA
"nadeau_2020_inside_01","nadeau_2020_pair01","nadeau_2020",2020,"NADEAU","2020-07-28","border_pair","inside",36.0387271,-117.4598391,-117.4601737,36.0384554,-117.4595045,36.0389989,"","2017-07-01","2023-11-22",NA,NA
"nadeau_2020_outside_01","nadeau_2020_pair01","nadeau_2020",2020,"NADEAU","2020-07-28","border_pair","outside",36.0379954,-117.4599844,-117.460319,36.0377236,-117.4596499,36.0382671,"","2017-07-01","2023-11-22",NA,NA
"nadeau_2020_inside_02","nadeau_2020_pair02","nadeau_2020",2020,"NADEAU","2020-07-28","border_pair","inside",36.048363,-117.4713598,-117.4716945,36.0480912,-117.4710251,36.0486347,"","2017-07-01","2023-11-22",NA,NA
"nadeau_2020_outside_02","nadeau_2020_pair02","nadeau_2020",2020,"NADEAU","2020-07-28","border_pair","outside",36.0485933,-117.472272,-117.4726067,36.0483215,-117.4719374,36.0488651,"","2017-07-01","2023-11-22",NA,NA
"nadeau_2020_inside_03","nadeau_2020_pair03","nadeau_2020",2020,"NADEAU","2020-07-28","border_pair","inside",36.0426743,-117.4558779,-117.4562125,36.0424026,-117.4555433,36.0429461,"","2017-07-01","2023-11-22",NA,"burned?"
"nadeau_2020_outside_03","nadeau_2020_pair03","nadeau_2020",2020,"NADEAU","2020-07-28","border_pair","outside",36.0420048,-117.4550571,-117.4553917,36.041733,-117.4547225,36.0422765,"","2017-07-01","2023-11-22",NA,NA
"nadeau_2020_inside_04","nadeau_2020_pair04","nadeau_2020",2020,"NADEAU","2020-07-28","border_pair","inside",36.048783,-117.4705994,-117.4709341,36.0485113,-117.4702648,36.0490548,"","2017-07-01","2023-11-22",NA,NA
"nadeau_2020_outside_04","nadeau_2020_pair04","nadeau_2020",2020,"NADEAU","2020-07-28","border_pair","outside",36.0494992,-117.471697,-117.4720317,36.0492275,-117.4713623,36.049771,"","2017-07-01","2023-11-22",NA,NA
"nadeau_2020_inside_05",NA,"nadeau_2020",2020,"NADEAU","2020-07-28","interior","inside",36.0472165,-117.470863,-117.4711977,36.0469447,-117.4705284,36.0474883,"","2017-07-01","2023-11-22",NA,NA
"nadeau_2020_inside_06",NA,"nadeau_2020",2020,"NADEAU","2020-07-28","interior","inside",36.0466819,-117.4696573,-117.4699919,36.0464101,-117.4693226,36.0469536,"","2017-07-01","2023-11-22",NA,NA
"nadeau_2020_inside_07",NA,"nadeau_2020",2020,"NADEAU","2020-07-28","interior","inside",36.0473266,-117.4689923,-117.469327,36.0470548,-117.4686577,36.0475983,"","2017-07-01","2023-11-22",NA,NA
"nadeau_2020_inside_08",NA,"nadeau_2020",2020,"NADEAU","2020-07-28","interior","inside",36.0478263,-117.4672932,-117.4676278,36.0475545,-117.4669585,36.0480981,"","2017-07-01","2023-11-22",NA,NA
"nadeau_2020_inside_09",NA,"nadeau_2020",2020,"NADEAU","2020-07-28","interior","inside",36.0459949,-117.4676923,-117.4680269,36.0457231,-117.4673576,36.0462667,"","2017-07-01","2023-11-22",NA,NA
"nadeau_2020_inside_10",NA,"nadeau_2020",2020,"NADEAU","2020-07-28","interior","inside",36.045522,-117.4667109,-117.4670456,36.0452502,-117.4663763,36.0457938,"","2017-07-01","2023-11-22",NA,NA
"nadeau_2020_inside_11",NA,"nadeau_2020",2020,"NADEAU","2020-07-28","interior","inside",36.0460056,-117.4649804,-117.4653151,36.0457338,-117.4646458,36.0462774,"","2017-07-01","2023-11-22",NA,NA
"nadeau_2020_inside_12",NA,"nadeau_2020",2020,"NADEAU","2020-07-28","interior","inside",36.0444473,-117.463984,-117.4643186,36.0441755,-117.4636494,36.044719,"","2017-07-01","2023-11-22",NA,NA
"nadeau_2020_inside_13",NA,"nadeau_2020",2020,"NADEAU","2020-07-28","interior","inside",36.0402919,-117.460552,-117.4608866,36.0400201,-117.4602174,36.0405636,"","2017-07-01","2023-11-22",NA,NA
"nadeau_2020_inside_14",NA,"nadeau_2020",2020,"NADEAU","2020-07-28","interior","inside",36.0390808,-117.4635095,-117.4638441,36.0388091,-117.4631749,36.0393526,"","2017-07-01","2023-11-22",NA,NA
"nadeau_2020_inside_15",NA,"nadeau_2020",2020,"NADEAU","2020-07-28","interior","inside",36.0424628,-117.4658949,-117.4662295,36.0421911,-117.4655603,36.0427346,"","2017-07-01","2023-11-22",NA,NA
"nadeau_2020_inside_16",NA,"nadeau_2020",2020,"NADEAU","2020-07-28","interior","inside",36.0273545,-117.4752358,-117.4755704,36.0270827,-117.4749012,36.0276263,"","2017-07-01","2023-11-22",NA,NA
"nadeau_2020_inside_17",NA,"nadeau_2020",2020,"NADEAU","2020-07-28","interior","inside",36.0310552,-117.4775614,-117.477896,36.0307834,-117.4772268,36.031327,"","2017-07-01","2023-11-22",NA,NA
"ivanpah_2020_inside_01","ivanpah_2020_pair01","ivanpah_2020",2020,"IVANPAH","2020-06-21","border_pair","inside",35.2025733,-115.1907748,-115.1911102,35.202298,-115.1904394,35.2028486,"","2017-11-18;2018-05-24","2021-03-28;2023-07-17",NA,NA
"ivanpah_2020_outside_01","ivanpah_2020_pair01","ivanpah_2020",2020,"IVANPAH","2020-06-21","border_pair","outside",35.2034069,-115.1905441,-115.1908795,35.2031316,-115.1902086,35.2036822,"","2017-11-18;2018-05-24","2021-03-28;2023-07-17",NA,NA
"ivanpah_2020_inside_02","ivanpah_2020_pair02","ivanpah_2020",2020,"IVANPAH","2020-06-21","border_pair","inside",35.2003174,-115.1782682,-115.1786037,35.200042,-115.1779328,35.2005927,"","2017-11-18;2018-05-24","2021-03-28;2023-07-17",NA,NA
"ivanpah_2020_outside_02","ivanpah_2020_pair02","ivanpah_2020",2020,"IVANPAH","2020-06-21","border_pair","outside",35.2011626,-115.1781127,-115.1784481,35.2008872,-115.1777772,35.2014379,"","2017-11-18;2018-05-24","2021-03-28;2023-07-17",NA,NA
"ivanpah_2020_inside_03","ivanpah_2020_pair03","ivanpah_2020",2020,"IVANPAH","2020-06-21","border_pair","inside",35.1997041,-115.1885472,-115.1888826,35.1994288,-115.1882118,35.1999794,"","2017-11-18;2018-05-24","2021-03-28;2023-07-17",NA,NA
"ivanpah_2020_outside_03","ivanpah_2020_pair03","ivanpah_2020",2020,"IVANPAH","2020-06-21","border_pair","outside",35.2003783,-115.1879069,-115.1882423,35.200103,-115.1875715,35.2006536,"","2017-11-18;2018-05-24","2021-03-28;2023-07-17",NA,NA
"ivanpah_2020_inside_04","ivanpah_2020_pair04","ivanpah_2020",2020,"IVANPAH","2020-06-21","border_pair","inside",35.1822705,-115.1707035,-115.1710389,35.1819951,-115.1703681,35.1825458,"","2017-11-18;2018-05-24","2021-03-28;2023-07-17",NA,NA
"ivanpah_2020_outside_04","ivanpah_2020_pair04","ivanpah_2020",2020,"IVANPAH","2020-06-21","border_pair","outside",35.1825176,-115.1697068,-115.1700422,35.1822423,-115.1693714,35.182793,"","2017-11-18;2018-05-24","2021-03-28;2023-07-17",NA,NA
"ivanpah_2020_inside_05","ivanpah_2020_pair05","ivanpah_2020",2020,"IVANPAH","2020-06-21","border_pair","inside",35.1991458,-115.1856792,-115.1860146,35.1988705,-115.1853437,35.1994211,"","2017-11-18;2018-05-24","2021-03-28;2023-07-17",NA,"unburned"
"ivanpah_2020_outside_05","ivanpah_2020_pair05","ivanpah_2020",2020,"IVANPAH","2020-06-21","border_pair","outside",35.19999,-115.1858427,-115.1861781,35.1997147,-115.1855073,35.2002653,"","2017-11-18;2018-05-24","2021-03-28;2023-07-17",NA,NA
"ivanpah_2020_inside_06",NA,"ivanpah_2020",2020,"IVANPAH","2020-06-21","interior","inside",35.1839058,-115.1737221,-115.1740575,35.1836305,-115.1733867,35.1841812,"","2017-11-18;2018-05-24","2021-03-28;2023-07-17",NA,NA
"ivanpah_2020_inside_07",NA,"ivanpah_2020",2020,"IVANPAH","2020-06-21","interior","inside",35.1849862,-115.1775119,-115.1778473,35.1847109,-115.1771766,35.1852615,"","2017-11-18;2018-05-24","2021-03-28;2023-07-17",NA,NA
"ivanpah_2020_inside_08",NA,"ivanpah_2020",2020,"IVANPAH","2020-06-21","interior","inside",35.1928752,-115.1869318,-115.1872671,35.1925999,-115.1865964,35.1931505,"","2017-11-18;2018-05-24","2021-03-28;2023-07-17",NA,NA
"ivanpah_2020_inside_09",NA,"ivanpah_2020",2020,"IVANPAH","2020-06-21","interior","inside",35.1816242,-115.1736666,-115.1740019,35.1813489,-115.1733312,35.1818996,"","2017-11-18;2018-05-24","2021-03-28;2023-07-17",NA,NA
"ivanpah_2020_inside_10",NA,"ivanpah_2020",2020,"IVANPAH","2020-06-21","interior","inside",35.1856621,-115.1862885,-115.1866238,35.1853868,-115.1859531,35.1859374,"","2017-11-18;2018-05-24","2021-03-28;2023-07-17",NA,NA
"ivanpah_2020_inside_11",NA,"ivanpah_2020",2020,"IVANPAH","2020-06-21","interior","inside",35.1805051,-115.1776305,-115.1779658,35.1802297,-115.1772951,35.1807804,"","2017-11-18;2018-05-24","2021-03-28;2023-07-17",NA,NA
"ivanpah_2020_inside_12",NA,"ivanpah_2020",2020,"IVANPAH","2020-06-21","interior","inside",35.1959486,-115.1776115,-115.1779469,35.1956733,-115.1772761,35.1962239,"","2017-11-18;2018-05-24","2021-03-28;2023-07-17",NA,NA
"ivanpah_2020_inside_13",NA,"ivanpah_2020",2020,"IVANPAH","2020-06-21","interior","inside",35.1917288,-115.1921628,-115.1924982,35.1914535,-115.1918275,35.1920041,"","2017-11-18;2018-05-24","2021-03-28;2023-07-17",NA,NA
"ivanpah_2020_inside_14",NA,"ivanpah_2020",2020,"IVANPAH","2020-06-21","interior","inside",35.2004511,-115.1913424,-115.1916778,35.2001757,-115.191007,35.2007264,"","2017-11-18;2018-05-24","2021-03-28;2023-07-17",NA,NA
"ivanpah_2020_inside_15",NA,"ivanpah_2020",2020,"IVANPAH","2020-06-21","interior","inside",35.1908077,-115.1932347,-115.19357,35.1905324,-115.1928993,35.191083,"","2017-11-18;2018-05-24","2021-03-28;2023-07-17",NA,NA
"star_2019_inside_01","star_2019_pair01","star_2019",2019,"STAR","2019-08-24","border_pair","inside",35.2694185,-115.4930356,-115.4933704,35.2691439,-115.4927009,35.269693,"","2016-07-02","2021-03-27",NA,NA
"star_2019_outside_01","star_2019_pair01","star_2019",2019,"STAR","2019-08-24","border_pair","outside",35.2685966,-115.4933227,-115.4936574,35.268322,-115.492988,35.2688711,"","2016-07-02","2021-03-27",NA,NA
"star_2019_inside_02","star_2019_pair02","star_2019",2019,"STAR","2019-08-24","border_pair","inside",35.2711964,-115.4936997,-115.4940345,35.2709219,-115.493365,35.2714709,"","2016-07-02","2021-03-27",NA,NA
"star_2019_outside_02","star_2019_pair02","star_2019",2019,"STAR","2019-08-24","border_pair","outside",35.2720434,-115.4938414,-115.4941762,35.2717689,-115.4935067,35.2723179,"","2016-07-02","2021-03-27",NA,NA
"star_2019_inside_03","star_2019_pair03","star_2019",2019,"STAR","2019-08-24","border_pair","inside",35.2718222,-115.4904848,-115.4908195,35.2715476,-115.49015,35.2720967,"","2016-07-02","2021-03-27",NA,NA
"star_2019_outside_03","star_2019_pair03","star_2019",2019,"STAR","2019-08-24","border_pair","outside",35.2726595,-115.4906955,-115.4910303,35.2723849,-115.4903608,35.272934,"","2016-07-02","2021-03-27",NA,NA
"star_2019_inside_04","star_2019_pair04","star_2019",2019,"STAR","2019-08-24","border_pair","inside",35.2699775,-115.4964793,-115.496814,35.269703,-115.4961445,35.2702521,"","2016-07-02","2021-03-27",NA,NA
"star_2019_outside_04","star_2019_pair04","star_2019",2019,"STAR","2019-08-24","border_pair","outside",35.2706093,-115.4971816,-115.4975164,35.2703348,-115.4968469,35.2708838,"","2016-07-02","2021-03-27",NA,NA
"star_2019_inside_05","star_2019_pair05","star_2019",2019,"STAR","2019-08-24","border_pair","inside",35.2704505,-115.4892015,-115.4895362,35.270176,-115.4888667,35.2707251,"","2016-07-02","2021-03-27",NA,NA
"star_2019_outside_05","star_2019_pair05","star_2019",2019,"STAR","2019-08-24","border_pair","outside",35.2700214,-115.4882998,-115.4886346,35.2697469,-115.4879651,35.2702959,"","2016-07-02","2021-03-27",NA,NA
"star_2019_inside_06",NA,"star_2019",2019,"STAR","2019-08-24","interior","inside",35.2710734,-115.48997,-115.4903047,35.2707989,-115.4896352,35.2713479,"","2016-07-02","2021-03-27",NA,NA
"star_2019_inside_07",NA,"star_2019",2019,"STAR","2019-08-24","interior","inside",35.270039,-115.4951312,-115.495466,35.2697644,-115.4947965,35.2703135,"","2016-07-02","2021-03-27",NA,NA
"star_2019_inside_08",NA,"star_2019",2019,"STAR","2019-08-24","interior","inside",35.2708979,-115.4906469,-115.4909817,35.2706234,-115.4903122,35.2711725,"","2016-07-02","2021-03-27",NA,NA
"star_2019_inside_09",NA,"star_2019",2019,"STAR","2019-08-24","interior","inside",35.2701804,-115.4939651,-115.4942998,35.2699059,-115.4936304,35.2704549,"","2016-07-02","2021-03-27",NA,NA
"star_2019_inside_10",NA,"star_2019",2019,"STAR","2019-08-24","interior","inside",35.2709087,-115.4917341,-115.4920689,35.2706342,-115.4913994,35.2711833,"","2016-07-02","2021-03-27",NA,NA
"star_2019_inside_11",NA,"star_2019",2019,"STAR","2019-08-24","interior","inside",35.270864,-115.4927308,-115.4930656,35.2705895,-115.4923961,35.2711385,"","2016-07-02","2021-03-27",NA,NA
"star_2019_inside_12",NA,"star_2019",2019,"STAR","2019-08-24","interior","inside",35.2692395,-115.4973916,-115.4977263,35.268965,-115.4970569,35.269514,"","2016-07-02","2021-03-27",NA,NA
"star_2019_inside_13",NA,"star_2019",2019,"STAR","2019-08-24","interior","inside",35.27151,-115.4912027,-115.4915374,35.2712355,-115.4908679,35.2717845,"","2016-07-02","2021-03-27",NA,NA
"star_2019_inside_14",NA,"star_2019",2019,"STAR","2019-08-24","interior","inside",35.2702384,-115.4931435,-115.4934782,35.2699639,-115.4928087,35.270513,"","2016-07-02","2021-03-27",NA,NA
"star_2019_inside_15",NA,"star_2019",2019,"STAR","2019-08-24","interior","inside",35.2717879,-115.4882968,-115.4886316,35.2715134,-115.4879621,35.2720624,"","2016-07-02","2021-03-27",NA,NA
"cahuila_2017_inside_01","cahuila_2017_pair01","cahuila_2017",2017,"CAHUILA","2017-06-16","border_pair","inside",34.5076754,-117.0394392,-117.0397661,34.5074048,-117.0391122,34.5079461,"","2015-01-01;2016-09-04","2017-06-13;2017-12-27;2018-08-25;2022-05-30;2022-10-02;2025-03-14",NA,NA
"cahuila_2017_outside_01","cahuila_2017_pair01","cahuila_2017",2017,"CAHUILA","2017-06-16","border_pair","outside",34.5066929,-117.0393242,-117.0396512,34.5064223,-117.0389973,34.5069636,"","2015-01-01;2016-09-04","2017-06-13;2017-12-27;2018-08-25;2022-05-30;2022-10-02;2025-03-14",NA,NA
"cahuila_2017_inside_02","cahuila_2017_pair02","cahuila_2017",2017,"CAHUILA","2017-06-16","border_pair","inside",34.5097378,-117.0426195,-117.0429465,34.5094671,-117.0422925,34.5100084,"","2015-01-01;2016-09-04","2017-06-13;2017-12-27;2018-08-25;2022-05-30;2022-10-02;2025-03-14",NA,NA
"cahuila_2017_outside_02","cahuila_2017_pair02","cahuila_2017",2017,"CAHUILA","2017-06-16","border_pair","outside",34.5094003,-117.0440422,-117.0443692,34.5091297,-117.0437153,34.509671,"","2015-01-01;2016-09-04","2017-06-13;2017-12-27;2018-08-25;2022-05-30;2022-10-02;2025-03-14",NA,NA
"cahuila_2017_inside_03","cahuila_2017_pair03","cahuila_2017",2017,"CAHUILA","2017-06-16","border_pair","inside",34.5126544,-117.0429119,-117.0432389,34.5123837,-117.0425849,34.512925,"","2015-01-01;2016-09-04","2017-06-13;2017-12-27;2018-08-25;2022-05-30;2022-10-02;2025-03-14",NA,NA
"cahuila_2017_outside_03","cahuila_2017_pair03","cahuila_2017",2017,"CAHUILA","2017-06-16","border_pair","outside",34.5127069,-117.0440635,-117.0443904,34.5124362,-117.0437365,34.5129775,"","2015-01-01;2016-09-04","2017-06-13;2017-12-27;2018-08-25;2022-05-30;2022-10-02;2025-03-14",NA,NA
"cahuila_2017_inside_04","cahuila_2017_pair04","cahuila_2017",2017,"CAHUILA","2017-06-16","border_pair","inside",34.5082801,-117.0403673,-117.0406943,34.5080095,-117.0400404,34.5085508,"","2015-01-01;2016-09-04","2017-06-13;2017-12-27;2018-08-25;2022-05-30;2022-10-02;2025-03-14",NA,NA
"cahuila_2017_outside_04","cahuila_2017_pair04","cahuila_2017",2017,"CAHUILA","2017-06-16","border_pair","outside",34.5075032,-117.0415209,-117.0418479,34.5072326,-117.041194,34.5077739,"","2015-01-01;2016-09-04","2017-06-13;2017-12-27;2018-08-25;2022-05-30;2022-10-02;2025-03-14",NA,NA
"cahuila_2017_inside_05",NA,"cahuila_2017",2017,"CAHUILA","2017-06-16","interior","inside",34.5118755,-117.0418896,-117.0422166,34.5116048,-117.0415627,34.5121461,"","2015-01-01;2016-09-04","2017-06-13;2017-12-27;2018-08-25;2022-05-30;2022-10-02;2025-03-14",NA,NA
"cahuila_2017_inside_06",NA,"cahuila_2017",2017,"CAHUILA","2017-06-16","interior","inside",34.5101964,-117.041737,-117.0420639,34.5099258,-117.04141,34.5104671,"","2015-01-01;2016-09-04","2017-06-13;2017-12-27;2018-08-25;2022-05-30;2022-10-02;2025-03-14",NA,NA
"cahuila_2017_inside_07",NA,"cahuila_2017",2017,"CAHUILA","2017-06-16","interior","inside",34.5100233,-117.041078,-117.0414049,34.5097526,-117.040751,34.5102939,"","2015-01-01;2016-09-04","2017-06-13;2017-12-27;2018-08-25;2022-05-30;2022-10-02;2025-03-14",NA,NA
"cahuila_2017_inside_08",NA,"cahuila_2017",2017,"CAHUILA","2017-06-16","interior","inside",34.5089282,-117.0407641,-117.041091,34.5086576,-117.0404371,34.5091989,"","2015-01-01;2016-09-04","2017-06-13;2017-12-27;2018-08-25;2022-05-30;2022-10-02;2025-03-14",NA,NA
"quail_2012_inside_01","quail_2012_pair01","quail_2012",2012,"QUAIL","2012-08-11","border_pair","inside",33.9779871,-116.2164149,-116.2167421,33.9777144,-116.2160876,33.9782597,"1973","2011-09-16;2011-08-23","2025-05-24;2021-06-11;2018-08-24",NA,NA
"quail_2012_outside_01","quail_2012_pair01","quail_2012",2012,"QUAIL","2012-08-11","border_pair","outside",33.977883,-116.2173767,-116.2177039,33.9776103,-116.2170495,33.9781556,"1973","2011-09-16;2011-08-23","2025-05-24;2021-06-11;2018-08-24",NA,NA
"quail_2012_inside_02","quail_2012_pair02","quail_2012",2012,"QUAIL","2012-08-11","border_pair","inside",33.9737839,-116.2122995,-116.2126267,33.9735113,-116.2119723,33.9740565,"1973","2011-09-16;2011-08-23","2025-05-24;2021-06-11;2018-08-24",NA,NA
"quail_2012_outside_02","quail_2012_pair02","quail_2012",2012,"QUAIL","2012-08-11","border_pair","outside",33.9731291,-116.2128984,-116.2132256,33.9728565,-116.2125711,33.9734017,"1973","2011-09-16;2011-08-23","2025-05-24;2021-06-11;2018-08-24",NA,NA
"quail_2012_inside_03",NA,"quail_2012",2012,"QUAIL","2012-08-11","interior","inside",33.9726078,-116.2161766,-116.2165038,33.9723352,-116.2158494,33.9728804,"1973","2011-09-16;2011-08-23","2025-05-24;2021-06-11;2018-08-24",NA,NA
"quail_2012_inside_04",NA,"quail_2012",2012,"QUAIL","2012-08-11","interior","inside",33.9730806,-116.2173376,-116.2176648,33.972808,-116.2170104,33.9733532,"1973","2011-09-16;2011-08-23","2025-05-24;2021-06-11;2018-08-24",NA,NA
"quail_2012_inside_05",NA,"quail_2012",2012,"QUAIL","2012-08-11","interior","inside",33.9771356,-116.2164378,-116.216765,33.976863,-116.2161106,33.9774082,"1973","2011-09-16;2011-08-23","2025-05-24;2021-06-11;2018-08-24",NA,NA
"quail_2012_inside_06",NA,"quail_2012",2012,"QUAIL","2012-08-11","interior","inside",33.9778836,-116.2155668,-116.215894,33.977611,-116.2152396,33.9781562,"1973","2011-09-16;2011-08-23","2025-05-24;2021-06-11;2018-08-24",NA,NA
"quail_2012_inside_07",NA,"quail_2012",2012,"QUAIL","2012-08-11","interior","inside",33.9770853,-116.2148822,-116.2152094,33.9768127,-116.214555,33.9773579,"1973","2011-09-16;2011-08-23","2025-05-24;2021-06-11;2018-08-24",NA,NA
"quail_2012_inside_08",NA,"quail_2012",2012,"QUAIL","2012-08-11","interior","inside",33.9762202,-116.2168033,-116.2171305,33.9759476,-116.2164761,33.9764928,"1973","2011-09-16;2011-08-23","2025-05-24;2021-06-11;2018-08-24",NA,NA
"quail_2012_inside_09",NA,"quail_2012",2012,"QUAIL","2012-08-11","interior","inside",33.9747528,-116.2179244,-116.2182516,33.9744802,-116.2175972,33.9750254,"1973","2011-09-16;2011-08-23","2025-05-24;2021-06-11;2018-08-24",NA,NA
"quail_2012_inside_10",NA,"quail_2012",2012,"QUAIL","2012-08-11","interior","inside",33.973136,-116.2154286,-116.2157559,33.9728633,-116.2151014,33.9734086,"1973","2011-09-16;2011-08-23","2025-05-24;2021-06-11;2018-08-24",NA,NA
"quail_2012_inside_11",NA,"quail_2012",2012,"QUAIL","2012-08-11","interior","inside",33.974726,-116.2155533,-116.2158805,33.9744533,-116.2152261,33.9749986,"1973","2011-09-16;2011-08-23","2025-05-24;2021-06-11;2018-08-24",NA,NA
"quail_2012_inside_12",NA,"quail_2012",2012,"QUAIL","2012-08-11","interior","inside",33.9747718,-116.2137702,-116.2140974,33.9744992,-116.213443,33.9750444,"1973","2011-09-16;2011-08-23","2025-05-24;2021-06-11;2018-08-24",NA,NA
"coles_flat_2020_inside_01","coles_flat_2020_pair01","coles_flat_2020",2020,"COLES FLAT","2020-08-21","border_pair","inside",36.126625,-117.575497,-117.5758324,36.1263529,-117.5751616,36.1268971,"","2017-07-01","2024-05-04",NA,NA
"coles_flat_2020_outside_01","coles_flat_2020_pair01","coles_flat_2020",2020,"COLES FLAT","2020-08-21","border_pair","outside",36.1266118,-117.5745961,-117.5749315,36.1263398,-117.5742608,36.1268839,"","2017-07-01","2024-05-04",NA,NA
"coles_flat_2020_inside_02","coles_flat_2020_pair02","coles_flat_2020",2020,"COLES FLAT","2020-08-21","border_pair","inside",36.1200378,-117.6136216,-117.6139571,36.1197657,-117.6132862,36.12031,"","2017-07-01","2024-05-04",NA,NA
"coles_flat_2020_outside_02","coles_flat_2020_pair02","coles_flat_2020",2020,"COLES FLAT","2020-08-21","border_pair","outside",36.120133,-117.6145271,-117.6148625,36.1198608,-117.6141916,36.1204052,"","2017-07-01","2024-05-04",NA,NA
"coles_flat_2020_inside_03","coles_flat_2020_pair03","coles_flat_2020",2020,"COLES FLAT","2020-08-21","border_pair","inside",36.1224994,-117.5768022,-117.5771375,36.1222273,-117.5764668,36.1227715,"","2017-07-01","2024-05-04",NA,NA
"coles_flat_2020_outside_03","coles_flat_2020_pair03","coles_flat_2020",2020,"COLES FLAT","2020-08-21","border_pair","outside",36.1224089,-117.5758776,-117.576213,36.1221368,-117.5755423,36.1226809,"","2017-07-01","2024-05-04",NA,NA
"coles_flat_2020_inside_04","coles_flat_2020_pair04","coles_flat_2020",2020,"COLES FLAT","2020-08-21","border_pair","inside",36.1126103,-117.6273909,-117.6277264,36.1123381,-117.6270554,36.1128825,"","2017-07-01","2024-05-04",NA,NA
"coles_flat_2020_outside_04","coles_flat_2020_pair04","coles_flat_2020",2020,"COLES FLAT","2020-08-21","border_pair","outside",36.1123549,-117.6264598,-117.6267953,36.1120827,-117.6261243,36.1126271,"","2017-07-01","2024-05-04",NA,NA
"coles_flat_2020_inside_05","coles_flat_2020_pair05","coles_flat_2020",2020,"COLES FLAT","2020-08-21","border_pair","inside",36.1284361,-117.6112936,-117.6116291,36.1281639,-117.6109581,36.1287082,"","2017-07-01","2024-05-04",NA,NA
"coles_flat_2020_outside_05","coles_flat_2020_pair05","coles_flat_2020",2020,"COLES FLAT","2020-08-21","border_pair","outside",36.12883,-117.6121896,-117.6125251,36.1285579,-117.6118541,36.1291022,"","2017-07-01","2024-05-04",NA,NA
"coles_flat_2020_inside_06",NA,"coles_flat_2020",2020,"COLES FLAT","2020-08-21","interior","inside",36.090281,-117.595611,-117.5959463,36.0900089,-117.5952757,36.0905531,"","2017-07-01","2024-05-04",NA,NA
"coles_flat_2020_inside_07",NA,"coles_flat_2020",2020,"COLES FLAT","2020-08-21","interior","inside",36.096197,-117.592622,-117.5929573,36.0959249,-117.5922867,36.0964691,"","2017-07-01","2024-05-04",NA,NA
"coles_flat_2020_inside_08",NA,"coles_flat_2020",2020,"COLES FLAT","2020-08-21","interior","inside",36.099341,-117.59987,-117.6002053,36.0990689,-117.5995347,36.0996131,"","2017-07-01","2024-05-04",NA,NA
"coles_flat_2020_inside_09",NA,"coles_flat_2020",2020,"COLES FLAT","2020-08-21","interior","inside",36.098573,-117.605252,-117.6055873,36.0983009,-117.6049167,36.0988451,"","2017-07-01","2024-05-04",NA,NA
"coles_flat_2020_inside_10",NA,"coles_flat_2020",2020,"COLES FLAT","2020-08-21","interior","inside",36.094604,-117.603354,-117.6036893,36.0943319,-117.6030187,36.0948761,"","2017-07-01","2024-05-04",NA,NA
"coles_flat_2020_inside_11",NA,"coles_flat_2020",2020,"COLES FLAT","2020-08-21","interior","inside",36.102149,-117.599674,-117.6000093,36.1018769,-117.5993387,36.1024211,"","2017-07-01","2024-05-04",NA,NA
"coles_flat_2020_inside_12",NA,"coles_flat_2020",2020,"COLES FLAT","2020-08-21","interior","inside",36.101282,-117.59773,-117.5980653,36.1010099,-117.5973947,36.1015541,"","2017-07-01","2024-05-04",NA,NA
"coles_flat_2020_inside_13",NA,"coles_flat_2020",2020,"COLES FLAT","2020-08-21","interior","inside",36.093916,-117.598337,-117.5986723,36.0936439,-117.5980017,36.0941881,"","2017-07-01","2024-05-04",NA,NA
"coles_flat_2020_inside_14",NA,"coles_flat_2020",2020,"COLES FLAT","2020-08-21","interior","inside",36.113022,-117.612647,-117.6129824,36.1127498,-117.6123116,36.1132942,"","2017-07-01","2024-05-04",NA,NA
"coles_flat_2020_inside_15",NA,"coles_flat_2020",2020,"COLES FLAT","2020-08-21","interior","inside",36.113453,-117.593619,-117.5939544,36.1131809,-117.5932836,36.1137251,"","2017-07-01","2024-05-04",NA,NA
"coles_flat_2020_inside_16",NA,"coles_flat_2020",2020,"COLES FLAT","2020-08-21","interior","inside",36.117922,-117.607225,-117.6075604,36.1176499,-117.6068896,36.1181941,"","2017-07-01","2024-05-04",NA,NA
"coles_flat_2020_inside_17",NA,"coles_flat_2020",2020,"COLES FLAT","2020-08-21","interior","inside",36.106808,-117.582256,-117.5825913,36.1065359,-117.5819207,36.1070801,"","2017-07-01","2024-05-04",NA,NA
