id,fire_name,plot_location,jt_pre_fire_maya,jt_post_fire_maya,mortality_percentage_maya,jt_pre_fire_lucia,jt_post_fire_lucia,mortality_percentage_lucia,mortality_abs_diff
star_2019_outside_01,STAR,Outside,11,11,0,1,3,-200,200
johnson_2024_outside_01,JOHNSON,Outside,8,8,0,4,0,100,100
mojave_2021_outside_03,MOJAVE,Outside,4,4,0,4,0,100,100
nadeau_2020_outside_01,NADEAU,Outside,9,9,0,11,0,100,100
ivanpah_2020_outside_05,IVANPAH,Outside,6,6,0,14,1,92.85714285714286,92.85714285714286
pond_2021_outside_05,POND,Outside,8,8,0,13,2,84.61538461538461,84.61538461538461
geology_2023_outside_02,GEOLOGY,Outside,12,12,0,15,3,80,80
mojave_2021_inside_06,MOJAVE,Inside,5,4,20,3,0,100,80
mojave_2021_outside_01,MOJAVE,Outside,11,11,0,9,2,77.77777777777779,77.77777777777779
ivanpah_2020_inside_01,IVANPAH,Inside,4,5,-25,8,4,50,75
johnson_2024_inside_02,JOHNSON,Inside,4,3,25,4,0,100,75
star_2019_inside_13,STAR,Inside,8,6,25,6,0,100,75
dome_2020_outside_02,DOME,Outside,10,10,0,13,4,69.23076923076923,69.23076923076923
geology_2023_outside_01,GEOLOGY,Outside,12,12,0,3,1,66.66666666666666,66.66666666666666
mojave_2021_outside_02,MOJAVE,Outside,12,12,0,13,5,61.53846153846154,61.53846153846154
mojave_2021_inside_02,MOJAVE,Inside,5,3,40,5,0,100,60
geology_2023_outside_05,GEOLOGY,Outside,6,6,0,7,3,57.14285714285714,57.14285714285714
geology_2023_inside_02,GEOLOGY,Inside,11,6,45.45454545454545,15,0,100,54.54545454545455
ivanpah_2020_inside_04,IVANPAH,Inside,9,5,44.44444444444444,10,11,-10,54.44444444444444
elk_trail_2022_outside_04,ELK TRAIL,Outside,2,2,0,2,1,50,50
geology_2023_inside_13,GEOLOGY,Inside,7,0,100,6,3,50,50
geology_2023_inside_15,GEOLOGY,Inside,7,0,100,2,1,50,50
pond_2021_outside_04,POND,Outside,3,3,0,4,2,50,50
mojave_2021_inside_10,MOJAVE,Inside,8,7,12.5,7,3,57.14285714285714,44.64285714285714
mojave_2021_inside_07,MOJAVE,Inside,5,2,60,6,0,100,40
dome_2020_inside_08,DOME,Inside,3,0,100,3,1,66.66666666666666,33.33333333333334
ivanpah_2020_inside_06,IVANPAH,Inside,4,0,100,3,1,66.66666666666666,33.33333333333334
mojave_2021_inside_14,MOJAVE,Inside,6,1,83.33333333333334,4,2,50,33.33333333333334
ivanpah_2020_inside_14,IVANPAH,Inside,4,4,0,3,2,33.33333333333333,33.33333333333333
geology_2023_inside_09,GEOLOGY,Inside,7,2,71.42857142857143,5,0,100,28.57142857142857
ivanpah_2020_outside_02,IVANPAH,Outside,8,8,0,7,9,-28.57142857142857,28.57142857142857
mojave_2021_outside_05,MOJAVE,Outside,6,4,33.33333333333333,5,2,60,26.66666666666667
elk_trail_2022_inside_02,ELK TRAIL,Inside,12,0,100,12,3,75,25
geology_2023_inside_11,GEOLOGY,Inside,5,5,0,4,5,-25,25
geology_2023_inside_14,GEOLOGY,Inside,6,1,83.33333333333334,5,2,60,23.333333333333343
dome_2020_outside_01,DOME,Outside,11,11,0,13,16,-23.076923076923077,23.076923076923077
geology_2023_inside_12,GEOLOGY,Inside,11,2,81.81818181818183,5,2,60,21.818181818181827
dome_2020_outside_04,DOME,Outside,7,7,0,5,4,20,20
pond_2021_outside_02,POND,Outside,12,12,0,10,8,20,20
elk_trail_2022_outside_02,ELK TRAIL,Outside,9,9,0,11,9,18.181818181818183,18.181818181818183
geology_2023_inside_08,GEOLOGY,Inside,11,2,81.81818181818183,6,0,100,18.181818181818173
mojave_2021_inside_08,MOJAVE,Inside,12,0,100,17,3,82.35294117647058,17.64705882352942
ivanpah_2020_inside_08,IVANPAH,Inside,6,1,83.33333333333334,6,2,66.66666666666666,16.666666666666686
elk_trail_2022_inside_14,ELK TRAIL,Inside,8,0,100,12,2,83.33333333333334,16.666666666666657
ivanpah_2020_inside_15,IVANPAH,Inside,8,1,87.5,7,2,71.42857142857143,16.07142857142857
ivanpah_2020_inside_09,IVANPAH,Inside,7,0,100,7,1,85.71428571428571,14.285714285714292
mojave_2021_inside_15,MOJAVE,Inside,7,1,85.71428571428571,4,0,100,14.285714285714292
dome_2020_outside_05,DOME,Outside,28,28,0,22,19,13.636363636363635,13.636363636363635
ivanpah_2020_inside_02,IVANPAH,Inside,8,8,0,8,9,-12.5,12.5
mojave_2021_inside_12,MOJAVE,Inside,6,0,100,8,1,87.5,12.5
star_2019_inside_03,STAR,Inside,7,0,100,8,1,87.5,12.5
pond_2021_outside_03,POND,Outside,18,18,0,17,15,11.76470588235294,11.76470588235294
