"id","location_srs","location_x","location_y","operator","actively_saved","actively_saved_on_year","actively_saved_on_month","actively_saved_on_day","plot_file","fire_name","fire_date","jt_pre_fire","pre_confidence","pre_confidence_label","pre_vegetation_cover","pre_vegetation_cover_label","jt_post_fire","post_confidence","post_confidence_label","post_vegetation_cover","post_vegetation_cover_label","comments","plot_unsuitable","plot_unsuitable_label"
"johnson_2024_outside_02","EPSG:4326","-117.5610568","34.402634","lucialayritz","true","2026","7","14","placemark.csv","JOHNSON","27-Aug-2024","1","medium","Medium confidence","high","High (tree and shrub cover)","1",,,"high","High (tree and shrub cover)",,,
"johnson_2024_inside_06","EPSG:4326","-117.5592163","34.402591","lucialayritz","true","2026","7","17","placemark.csv","JOHNSON","27-Aug-2024","0","medium","Medium confidence","high","High (tree and shrub cover)","0","high","High confidence","low","Low (mostly bare ground)","I've come to the conclusion that some of these plots just don't contain JTs",,
"elk_trail_2022_inside_04","EPSG:4326","-116.427763","34.073975","lucialayritz","true","2026","7","14","placemark.csv","ELK TRAIL","25-May-2022","27","high","High confidence","high","High (tree and shrub cover)","0","high","High confidence","low","Low (mostly bare ground)",,,
"elk_trail_2022_outside_04","EPSG:4326","-116.4272199","34.0732485","lucialayritz","true","2026","7","14","placemark.csv","ELK TRAIL","25-May-2022","2","low","Low Confidence","high","High (tree and shrub cover)","1","low","Low Confidence","high","High (tree and shrub cover)","I feel the imagry for this one is really not clear","unsuitable","Flag as unsuitable"
"elk_trail_2022_outside_03","EPSG:4326","-116.4432427","34.0806119","lucialayritz","true","2026","7","14","placemark.csv","ELK TRAIL","25-May-2022","16","high","High confidence","high","High (tree and shrub cover)","16","medium","Medium confidence","high","High (tree and shrub cover)",,,
"elk_trail_2022_inside_01","EPSG:4326","-116.4263612","34.0742981","lucialayritz","true","2026","7","14","placemark.csv","ELK TRAIL","25-May-2022","16","high","High confidence","high","High (tree and shrub cover)","0","high","High confidence","low","Low (mostly bare ground)",,,
"elk_trail_2022_outside_01","EPSG:4326","-116.4260457","34.0735551","lucialayritz","true","2026","7","14","placemark.csv","ELK TRAIL","25-May-2022","4","high","High confidence","high","High (tree and shrub cover)","4","high","High confidence","high","High (tree and shrub cover)",,,
"elk_trail_2022_outside_02","EPSG:4326","-116.4430346","34.0837054","lucialayritz","true","2026","7","14","placemark.csv","ELK TRAIL","25-May-2022","11","medium","Medium confidence","high","High (tree and shrub cover)","9","low","Low Confidence","high","High (tree and shrub cover)","Image quality was not great,  I was more counting shadows than trees",,
"elk_trail_2022_inside_02","EPSG:4326","-116.442382","34.083045","lucialayritz","true","2026","7","17","placemark.csv","ELK TRAIL","25-May-2022","12","medium","Medium confidence","high","High (tree and shrub cover)","3","medium","Medium confidence","low","Low (mostly bare ground)",,,
"elk_trail_2022_inside_03","EPSG:4326","-116.442314","34.080978","lucialayritz","true","2026","7","17","placemark.csv","ELK TRAIL","25-May-2022","15","high","High confidence","high","High (tree and shrub cover)","1","high","High confidence","low","Low (mostly bare ground)",,,
"elk_trail_2022_inside_05","EPSG:4326","-116.43635","34.07705","lucialayritz","true","2026","7","17","placemark.csv","ELK TRAIL","25-May-2022","16","high","High confidence","high","High (tree and shrub cover)","2","high","High confidence","low","Low (mostly bare ground)",,,
"elk_trail_2022_inside_13","EPSG:4326","-116.435606","34.075497","lucialayritz","true","2026","7","17","placemark.csv","ELK TRAIL","25-May-2022","16","medium","Medium confidence","high","High (tree and shrub cover)","0","high","High confidence","low","Low (mostly bare ground)",,,
"elk_trail_2022_inside_06","EPSG:4326","-116.4349","34.076261","lucialayritz","true","2026","7","17","placemark.csv","ELK TRAIL","25-May-2022","19","high","High confidence","high","High (tree and shrub cover)","4","high","High confidence","low","Low (mostly bare ground)",,,
"elk_trail_2022_inside_08","EPSG:4326","-116.439564","34.07795","lucialayritz","true","2026","7","17","placemark.csv","ELK TRAIL","25-May-2022","12","medium","Medium confidence","high","High (tree and shrub cover)","0","high","High confidence","low","Low (mostly bare ground)",,,
"elk_trail_2022_inside_07","EPSG:4326","-116.4384","34.077075","lucialayritz","true","2026","7","17","placemark.csv","ELK TRAIL","25-May-2022","10","high","High confidence","high","High (tree and shrub cover)","0","high","High confidence","low","Low (mostly bare ground)",,,
"elk_trail_2022_inside_09","EPSG:4326","-116.433991","34.076101","lucialayritz","true","2026","7","17","placemark.csv","ELK TRAIL","25-May-2022","12","medium","Medium confidence","high","High (tree and shrub cover)","3","high","High confidence","low","Low (mostly bare ground)",,,
"elk_trail_2022_inside_10","EPSG:4326","-116.426269","34.080636","lucialayritz","true","2026","7","17","placemark.csv","ELK TRAIL","25-May-2022","16","medium","Medium confidence","high","High (tree and shrub cover)","0","high","High confidence","low","Low (mostly bare ground)",,,
"elk_trail_2022_inside_11","EPSG:4326","-116.423447","34.077258","lucialayritz","true","2026","7","17","placemark.csv","ELK TRAIL","25-May-2022","6","high","High confidence","high","High (tree and shrub cover)","0","high","High confidence","low","Low (mostly bare ground)",,,
"elk_trail_2022_inside_12","EPSG:4326","-116.429072","34.073836","lucialayritz","true","2026","7","17","placemark.csv","ELK TRAIL","25-May-2022","16","high","High confidence","high","High (tree and shrub cover)","1","high","High confidence","high","High (tree and shrub cover)","Is part of plot outside of fire boundary?",,
"elk_trail_2022_inside_14","EPSG:4326","-116.4415499","34.0838333","lucialayritz","true","2026","7","17","placemark.csv","ELK TRAIL","25-May-2022","12","medium","Medium confidence","high","High (tree and shrub cover)","2","high","High confidence","low","Low (mostly bare ground)","One surviving tree exactly on the blot boundary",,
"elk_trail_2022_inside_15","EPSG:4326","-116.441036","34.079578","lucialayritz","true","2026","7","17","placemark.csv","ELK TRAIL","25-May-2022","18","medium","Medium confidence","high","High (tree and shrub cover)","0","high","High confidence","low","Low (mostly bare ground)",,,
"sheep_2022_inside_01","EPSG:4326","-117.6111513","34.3694971","lucialayritz","true","2026","7","17","placemark.csv","SHEEP","11-Jun-2022","11",,,"high","High (tree and shrub cover)","0","medium","Medium confidence","high","High (tree and shrub cover)","Guestimating a bit, because the image where trees are fallen down is pretty bad",,
"sheep_2022_inside_02","EPSG:4326","-117.6137105","34.3658386","lucialayritz","true","2026","7","17","placemark.csv","SHEEP","11-Jun-2022","4","high","High confidence","high","High (tree and shrub cover)","0",,,,,"One of the tree I would have marked as pine in pre-fire but the dead tree does look like a JT",,
"sheep_2022_inside_03","EPSG:4326","-117.6105274","34.3731594","lucialayritz","true","2026","7","17","placemark.csv","SHEEP","11-Jun-2022","20","high","High confidence","medium","Medium (shrub cover)","0","high","High confidence","low","Low (mostly bare ground)","The shrub cover seems to completely recover betwee 2023 ane 2025 but there is not in between images to ",,
"sheep_2022_inside_04","EPSG:4326","-117.610301","34.3672417","lucialayritz","true","2026","7","19","placemark.csv","SHEEP","11-Jun-2022","20","medium","Medium confidence","medium","Medium (shrub cover)","0","high","High confidence","low","Low (mostly bare ground)","Shrub cover looks totally recovered y 2025?",,
"johnson_2024_inside_02","EPSG:4326","-117.5600961","34.4027366","lucialayritz","true","2026","7","17","placemark.csv","JOHNSON","27-Aug-2024","4","low","Low Confidence","medium","Medium (shrub cover)","0","high","High confidence","medium","Medium (shrub cover)",,,
"johnson_2024_outside_01","EPSG:4326","-117.5608858","34.4020233","lucialayritz","true","2026","7","17","placemark.csv","JOHNSON","27-Aug-2024","4","low","Low Confidence","medium","Medium (shrub cover)","0",,,"medium","Medium (shrub cover)","Hard to tell if ground cover is shrubs or ash",,
"johnson_2024_inside_01","EPSG:4326","-117.5599807","34.4021494","lucialayritz","true","2026","7","17","placemark.csv","JOHNSON","27-Aug-2024",,,,,,"0","medium","Medium confidence","low","Low (mostly bare ground)","Whatever grew there is for sure dead, but I can't distinguish between JT and other trees ",,
"johnson_2024_outside_03","EPSG:4326","-117.560624","34.4012916","lucialayritz","true","2026","7","17","placemark.csv","JOHNSON","27-Aug-2024",,,,,,,,,,,,"unsuitable","Flag as unsuitable"
"johnson_2024_inside_03","EPSG:4326","-117.5596905","34.4015902","lucialayritz","true","2026","7","17","placemark.csv","JOHNSON","27-Aug-2024",,,,,,,,,,,"I can distinguish between JT and pines at all :( ","unsuitable","Flag as unsuitable"
"johnson_2024_outside_04","EPSG:4326","-117.5589858","34.398241","lucialayritz","true","2026","7","17","placemark.csv","JOHNSON","27-Aug-2024","0","high","High confidence","medium","Medium (shrub cover)","0","low","Low Confidence","medium","Medium (shrub cover)","I was very sure that there are no alive tree pre-fire but then some of the dead trees look JT like ..",,
"johnson_2024_inside_04","EPSG:4326","-117.5582245","34.398781","lucialayritz","true","2026","7","17","placemark.csv","JOHNSON","27-Aug-2024","17","medium","Medium confidence","medium","Medium (shrub cover)","1","high","High confidence","low","Low (mostly bare ground)",,,
"johnson_2024_inside_05","EPSG:4326","-117.5596125","34.4038769","lucialayritz","true","2026","7","17","placemark.csv","JOHNSON","27-Aug-2024","0","medium","Medium confidence","medium","Medium (shrub cover)","0","high","High confidence","medium","Medium (shrub cover)",,,
"johnson_2024_inside_07","EPSG:4326","-117.5585817","34.401608","lucialayritz","true","2026","7","17","placemark.csv","JOHNSON","27-Aug-2024","0","medium","Medium confidence","high","High (tree and shrub cover)","0","high","High confidence","low","Low (mostly bare ground)",,,
"johnson_2024_inside_08","EPSG:4326","-117.5576628","34.3981505","lucialayritz","true","2026","7","17","placemark.csv","JOHNSON","27-Aug-2024","9","high","High confidence","medium","Medium (shrub cover)","0","high","High confidence","medium","Medium (shrub cover)",,,
"johnson_2024_inside_09","EPSG:4326","-117.5556727","34.3980501","lucialayritz","true","2026","7","17","placemark.csv","JOHNSON","27-Aug-2024","3","high","High confidence","medium","Medium (shrub cover)","0","high","High confidence","low","Low (mostly bare ground)",,,
"cal_2024_inside_01","EPSG:4326","-118.3607015","35.0269992","lucialayritz","true","2026","7","17","placemark.csv","CAL","08-Aug-2024","3","medium","Medium confidence","high","High (tree and shrub cover)",,,,,,"No post-fire image","unsuitable","Flag as unsuitable"
"cal_2024_inside_02","EPSG:4326","-118.3593266","35.0253859","lucialayritz","true","2026","7","17","placemark.csv","CAL","08-Aug-2024","0",,,"high","High (tree and shrub cover)",,,,,,"No post-fire image (and no joshua trees?)","unsuitable","Flag as unsuitable"
"geology_2023_inside_01","EPSG:4326","-116.0367287","33.9068675","lucialayritz","true","2026","7","17","placemark.csv","GEOLOGY","09-Jun-2023","10","medium","Medium confidence","medium","Medium (shrub cover)","1","high","High confidence","low","Low (mostly bare ground)",,,
"geology_2023_outside_01","EPSG:4326","-116.0357359","33.9066527","lucialayritz","true","2026","7","17","placemark.csv","GEOLOGY","09-Jun-2023","3","high","High confidence","medium","Medium (shrub cover)","1","medium","Medium confidence","low","Low (mostly bare ground)",,,
"geology_2023_inside_02","EPSG:4326","-116.0470609","33.8945318","lucialayritz","true","2026","7","17","placemark.csv","GEOLOGY","09-Jun-2023","15","medium","Medium confidence","high","High (tree and shrub cover)","0","high","High confidence","low","Low (mostly bare ground)",,,
"geology_2023_outside_02","EPSG:4326","-116.0465586","33.8937861","lucialayritz","true","2026","7","18","placemark.csv","GEOLOGY","09-Jun-2023","15","low","Low Confidence","medium","Medium (shrub cover)","3","medium","Medium confidence","low","Low (mostly bare ground)",,,
"geology_2023_inside_03","EPSG:4326","-116.0489687","33.9152063","lucialayritz","true","2026","7","18","placemark.csv","GEOLOGY","09-Jun-2023","0","high","High confidence","medium","Medium (shrub cover)","0","high","High confidence","low","Low (mostly bare ground)","No JTs?","unsuitable","Flag as unsuitable"
"geology_2023_outside_03","EPSG:4326","-116.0499512","33.9154522","lucialayritz","true","2026","7","18","placemark.csv","GEOLOGY","09-Jun-2023","0","high","High confidence","medium","Medium (shrub cover)","0","high","High confidence","low","Low (mostly bare ground)","No JTs","unsuitable","Flag as unsuitable"
"geology_2023_outside_04","EPSG:4326","-116.0487482","33.917272","lucialayritz","true","2026","7","18","placemark.csv","GEOLOGY","09-Jun-2023","0","medium","Medium confidence","low","Low (mostly bare ground)","0","high","High confidence","low","Low (mostly bare ground)",,,
"geology_2023_inside_04","EPSG:4326","-116.0481703","33.9165654","lucialayritz","true","2026","7","18","placemark.csv","GEOLOGY","09-Jun-2023","0","high","High confidence","low","Low (mostly bare ground)","0","high","High confidence","low","Low (mostly bare ground)",,"unsuitable","Flag as unsuitable"
"geology_2023_inside_05","EPSG:4326","-116.052628","33.9076749","lucialayritz","true","2026","7","18","placemark.csv","GEOLOGY","09-Jun-2023","2","medium","Medium confidence","medium","Medium (shrub cover)","1","high","High confidence","low","Low (mostly bare ground)","Bottom right might be a Yucca or another JT, not sure?",,
"geology_2023_outside_05","EPSG:4326","-116.0535172","33.9081012","lucialayritz","true","2026","7","18","placemark.csv","GEOLOGY","09-Jun-2023","7","high","High confidence","medium","Medium (shrub cover)","3","high","High confidence","low","Low (mostly bare ground)",,,
"geology_2023_inside_09","EPSG:4326","-116.0386732","33.9105563","lucialayritz","true","2026","7","18","placemark.csv","GEOLOGY","09-Jun-2023","5","high","High confidence","medium","Medium (shrub cover)","0","high","High confidence","low","Low (mostly bare ground)",,,
"geology_2023_inside_06","EPSG:4326","-116.037592","33.9110145","lucialayritz","true","2026","7","18","placemark.csv","GEOLOGY","09-Jun-2023","3","high","High confidence","medium","Medium (shrub cover)","0","high","High confidence","low","Low (mostly bare ground)",,,
"geology_2023_inside_07","EPSG:4326","-116.0464805","33.915685","lucialayritz","true","2026","7","18","placemark.csv","GEOLOGY","09-Jun-2023","0","high","High confidence","medium","Medium (shrub cover)","0",,,"low","Low (mostly bare ground)","No JTs","unsuitable","Flag as unsuitable"
"geology_2023_inside_08","EPSG:4326","-116.0438263","33.9099354","lucialayritz","true","2026","7","18","placemark.csv","GEOLOGY","09-Jun-2023","6","medium","Medium confidence","medium","Medium (shrub cover)","0","high","High confidence","low","Low (mostly bare ground)",,,
"geology_2023_inside_10","EPSG:4326","-116.0502071","33.8972853","lucialayritz","true","2026","7","18","placemark.csv","GEOLOGY","09-Jun-2023","3","high","High confidence","medium","Medium (shrub cover)","1","high","High confidence","low","Low (mostly bare ground)",,,
"geology_2023_inside_11","EPSG:4326","-116.042276","33.9133375","lucialayritz","true","2026","7","18","placemark.csv","GEOLOGY","09-Jun-2023","4","high","High confidence","medium","Medium (shrub cover)","5","high","High confidence","medium","Medium (shrub cover)",,,
"geology_2023_inside_12","EPSG:4326","-116.0414765","33.9050649","lucialayritz","true","2026","7","18","placemark.csv","GEOLOGY","09-Jun-2023","5","medium","Medium confidence","medium","Medium (shrub cover)","2","high","High confidence","low","Low (mostly bare ground)",,,
"geology_2023_inside_13","EPSG:4326","-116.0457193","33.8961282","lucialayritz","true","2026","7","18","placemark.csv","GEOLOGY","09-Jun-2023","6","medium","Medium confidence","medium","Medium (shrub cover)","3","high","High confidence","low","Low (mostly bare ground)",,,
"geology_2023_inside_14","EPSG:4326","-116.0474464","33.8956297","lucialayritz","true","2026","7","18","placemark.csv","GEOLOGY","09-Jun-2023","5","medium","Medium confidence","medium","Medium (shrub cover)","2","medium","Medium confidence","low","Low (mostly bare ground)",,,
"geology_2023_inside_15","EPSG:4326","-116.0444572","33.908507","lucialayritz","true","2026","7","18","placemark.csv","GEOLOGY","09-Jun-2023","2","high","High confidence","medium","Medium (shrub cover)","1","high","High confidence","low","Low (mostly bare ground)",,,
"boulevard_2023_inside_01","EPSG:4326","-118.2959559","35.094923","lucialayritz","true","2026","7","18","placemark.csv","BOULEVARD","03-Aug-2023","5","high","High confidence",,,,,,,,"No post-fire data","unsuitable","Flag as unsuitable"
"boulevard_2023_outside_01","EPSG:4326","-118.2956597","35.0956656","lucialayritz","true","2026","7","18","placemark.csv","BOULEVARD","03-Aug-2023","4","medium","Medium confidence","high","High (tree and shrub cover)",,,,,,"No post-fire image",,
"mojave_2021_inside_01","EPSG:4326","-115.7485518","35.3614351","lucialayritz","true","2026","7","18","placemark.csv","MOJAVE","16-Jun-2021","14","high","High confidence","medium","Medium (shrub cover)","0","low","Low Confidence","low","Low (mostly bare ground)",,,
"mojave_2021_outside_01","EPSG:4326","-115.7495754","35.3612685","lucialayritz","true","2026","7","18","placemark.csv","MOJAVE","16-Jun-2021","9","high","High confidence","medium","Medium (shrub cover)","2","low","Low Confidence","medium","Medium (shrub cover)",,,
"mojave_2021_inside_02","EPSG:4326","-115.7544445","35.3658396","lucialayritz","true","2026","7","18","placemark.csv","MOJAVE","16-Jun-2021","5","high","High confidence","low","Low (mostly bare ground)","0","medium","Medium confidence","low","Low (mostly bare ground)",,,
"mojave_2021_outside_02","EPSG:4326","-115.7539545","35.3650847","lucialayritz","true","2026","7","18","placemark.csv","MOJAVE","16-Jun-2021","13","high","High confidence","medium","Medium (shrub cover)","5","medium","Medium confidence","low","Low (mostly bare ground)",,,
"mojave_2021_inside_03","EPSG:4326","-115.7412882","35.3833462","lucialayritz","true","2026","7","18","placemark.csv","MOJAVE","16-Jun-2021","10","medium","Medium confidence","medium","Medium (shrub cover)","1","low","Low Confidence","low","Low (mostly bare ground)",,,
"mojave_2021_outside_03","EPSG:4326","-115.7404014","35.3837973","lucialayritz","true","2026","7","18","placemark.csv","MOJAVE","16-Jun-2021","4","high","High confidence","medium","Medium (shrub cover)","0","low","Low Confidence","low","Low (mostly bare ground)",,,
"mojave_2021_inside_04","EPSG:4326","-115.7423456","35.3648476","lucialayritz","true","2026","7","18","placemark.csv","MOJAVE","16-Jun-2021","1",,,"medium","Medium (shrub cover)","0","low","Low Confidence","low","Low (mostly bare ground)",,,
"mojave_2021_outside_04","EPSG:4326","-115.7413374","35.3650688","lucialayritz","true","2026","7","18","placemark.csv","MOJAVE","16-Jun-2021","1","medium","Medium confidence","medium","Medium (shrub cover)","0","high","High confidence","low","Low (mostly bare ground)",,,
"mojave_2021_inside_05","EPSG:4326","-115.7397003","35.3825439","lucialayritz","true","2026","7","18","placemark.csv","MOJAVE","16-Jun-2021","5","high","High confidence","medium","Medium (shrub cover)","2","low","Low Confidence","medium","Medium (shrub cover)",,,
"mojave_2021_outside_05","EPSG:4326","-115.7394966","35.3833825","lucialayritz","true","2026","7","18","placemark.csv","MOJAVE","16-Jun-2021","5","high","High confidence","medium","Medium (shrub cover)","2","medium","Medium confidence","low","Low (mostly bare ground)","One tree on border of plot",,
"mojave_2021_inside_06","EPSG:4326","-115.7376396","35.3767727","lucialayritz","true","2026","7","18","placemark.csv","MOJAVE","16-Jun-2021","3","high","High confidence","medium","Medium (shrub cover)","0","high","High confidence","low","Low (mostly bare ground)","Surviving tree is close to the bounary but I excluded, decided it is outside the boundary",,
"mojave_2021_inside_07","EPSG:4326","-115.7448437","35.367926","lucialayritz","true","2026","7","18","placemark.csv","MOJAVE","16-Jun-2021","6","high","High confidence","medium","Medium (shrub cover)","0","low","Low Confidence","low","Low (mostly bare ground)","I feel I amreally guestimating a lot in this fire for post-fire. My main criteria is if I see something that looks like the shadow of  standing tree, here eg left of the plot",,
"mojave_2021_inside_08","EPSG:4326","-115.7335269","35.3496219","lucialayritz","true","2026","7","18","placemark.csv","MOJAVE","16-Jun-2021","17","medium","Medium confidence","medium","Medium (shrub cover)","3","low","Low Confidence","low","Low (mostly bare ground)",,,
"mojave_2021_inside_09","EPSG:4326","-115.7347099","35.3705596","lucialayritz","true","2026","7","18","placemark.csv","MOJAVE","16-Jun-2021","30","low","Low Confidence","low","Low (mostly bare ground)","0","low","Low Confidence","low","Low (mostly bare ground)","Really unsure, could be lots of JTs or I am counting Yuccas ..",,
"mojave_2021_inside_10","EPSG:4326","-115.7371933","35.3748066","lucialayritz","true","2026","7","18","placemark.csv","MOJAVE","16-Jun-2021","7","high","High confidence","medium","Medium (shrub cover)","3","high","High confidence","low","Low (mostly bare ground)",,,
"mojave_2021_inside_11","EPSG:4326","-115.7345325","35.3714279","lucialayritz","true","2026","7","18","placemark.csv","MOJAVE","16-Jun-2021","4","high","High confidence","medium","Medium (shrub cover)","0","low","Low Confidence","low","Low (mostly bare ground)",,,
"mojave_2021_inside_12","EPSG:4326","-115.7345994","35.356574","lucialayritz","true","2026","7","18","placemark.csv","MOJAVE","16-Jun-2021","8","medium","Medium confidence","medium","Medium (shrub cover)","1","medium","Medium confidence","low","Low (mostly bare ground)",,,
"mojave_2021_inside_13","EPSG:4326","-115.7452714","35.3694444","lucialayritz","true","2026","7","18","placemark.csv","MOJAVE","16-Jun-2021","5","high","High confidence","medium","Medium (shrub cover)","0","medium","Medium confidence","medium","Medium (shrub cover)","Two trees really close together, but I counted them as 2",,
"mojave_2021_inside_14","EPSG:4326","-115.7400389","35.3736894","lucialayritz","true","2026","7","18","placemark.csv","MOJAVE","16-Jun-2021","4","high","High confidence","low","Low (mostly bare ground)","2","medium","Medium confidence","low","Low (mostly bare ground)",,,
"mojave_2021_inside_15","EPSG:4326","-115.7494592","35.3766477","lucialayritz","true","2026","7","18","placemark.csv","MOJAVE","16-Jun-2021","4","high","High confidence","medium","Medium (shrub cover)","0","low","Low Confidence","low","Low (mostly bare ground)","Everything looks dead but honestly ???? what is this image",,
"pond_2021_inside_01","EPSG:4326","-115.1494644","35.2502576","lucialayritz","true","2026","7","19","placemark.csv","POND","29-Aug-2021","15","high","High confidence","medium","Medium (shrub cover)","0","high","High confidence","low","Low (mostly bare ground)",,,
"pond_2021_outside_01","EPSG:4326","-115.1484657","35.2505017","lucialayritz","true","2026","7","19","placemark.csv","POND","29-Aug-2021","15","high","High confidence","medium","Medium (shrub cover)",,,,,,"I can't really distinguish JTs from other vegetation post-fire",,
"pond_2021_inside_02","EPSG:4326","-115.1516663","35.2557017","lucialayritz","true","2026","7","19","placemark.csv","POND","29-Aug-2021","11","high","High confidence","medium","Medium (shrub cover)","1","medium","Medium confidence","low","Low (mostly bare ground)",,,
"pond_2021_outside_02","EPSG:4326","-115.1507688","35.2561363","lucialayritz","true","2026","7","19","placemark.csv","POND","29-Aug-2021","10","high","High confidence","medium","Medium (shrub cover)","8","low","Low Confidence","medium","Medium (shrub cover)","honestly guestimating greenish spots for post-fire",,
"pond_2021_inside_03","EPSG:4326","-115.1533796","35.2585338","lucialayritz","true","2026","7","19","placemark.csv","POND","29-Aug-2021","16","high","High confidence","medium","Medium (shrub cover)","0","high","High confidence","low","Low (mostly bare ground)",,,
"pond_2021_outside_03","EPSG:4326","-115.1524248","35.2588765","lucialayritz","true","2026","7","19","placemark.csv","POND","29-Aug-2021","17","high","High confidence","medium","Medium (shrub cover)","15","medium","Medium confidence","low","Low (mostly bare ground)","Definitely a bit biased because I know it's unburned, but the also do look green mostly!",,
"pond_2021_inside_04","EPSG:4326","-115.1593029","35.2635338","lucialayritz","true","2026","7","19","placemark.csv","POND","29-Aug-2021","8","high","High confidence","medium","Medium (shrub cover)","0","high","High confidence","low","Low (mostly bare ground)",,,
"pond_2021_outside_04","EPSG:4326","-115.1589299","35.2643322","lucialayritz","true","2026","7","19","placemark.csv","POND","29-Aug-2021","4","medium","Medium confidence","medium","Medium (shrub cover)","2","low","Low Confidence","medium","Medium (shrub cover)","2 small tree pre-fire might also be yuccas?",,
"pond_2021_inside_05","EPSG:4326","-115.1554925","35.2519144","lucialayritz","true","2026","7","19","placemark.csv","POND","29-Aug-2021","16","high","High confidence","medium","Medium (shrub cover)","1","low","Low Confidence","low","Low (mostly bare ground)",,,
"pond_2021_outside_05","EPSG:4326","-115.1561638","35.2512603","lucialayritz","true","2026","7","19","placemark.csv","POND","29-Aug-2021","13","medium","Medium confidence","medium","Medium (shrub cover)","2",,,"medium","Medium (shrub cover)",,,
"pond_2021_inside_13","EPSG:4326","-115.1670741","35.2615302","lucialayritz","true","2026","7","19","placemark.csv","POND","29-Aug-2021","11","high","High confidence","medium","Medium (shrub cover)","0","high","High confidence","low","Low (mostly bare ground)",,,
"pond_2021_inside_06","EPSG:4326","-115.1664386","35.2628169","lucialayritz","true","2026","7","19","placemark.csv","POND","29-Aug-2021","9","high","High confidence","medium","Medium (shrub cover)","0","medium","Medium confidence","low","Low (mostly bare ground)","one at the boundary",,
"pond_2021_inside_07","EPSG:4326","-115.156043","35.2608489","lucialayritz","true","2026","7","19","placemark.csv","POND","29-Aug-2021","10","medium","Medium confidence","medium","Medium (shrub cover)","0","high","High confidence","low","Low (mostly bare ground)",,,
"pond_2021_inside_08","EPSG:4326","-115.15546","35.2588921","lucialayritz","true","2026","7","19","placemark.csv","POND","29-Aug-2021","12","medium","Medium confidence",,,"0","high","High confidence","low","Low (mostly bare ground)","really diificult to distinguish JT from other veggies. Two at southern boundaries I excluded but a lot of them might also be yuccas ..",,
"pond_2021_inside_09","EPSG:4326","-115.1632859","35.2630013","lucialayritz","true","2026","7","19","placemark.csv","POND","29-Aug-2021","0","medium","Medium confidence","medium","Medium (shrub cover)","0","high","High confidence","low","Low (mostly bare ground)",,,
"pond_2021_inside_10","EPSG:4326","-115.1594581","35.2551647","lucialayritz","true","2026","7","19","placemark.csv","POND","29-Aug-2021","12","high","High confidence","medium","Medium (shrub cover)","0","high","High confidence","low","Low (mostly bare ground)",,,
"pond_2021_inside_11","EPSG:4326","-115.1608474","35.2557853","lucialayritz","true","2026","7","19","placemark.csv","POND","29-Aug-2021","7","high","High confidence","medium","Medium (shrub cover)","0","high","High confidence","low","Low (mostly bare ground)",,,
"pond_2021_inside_12","EPSG:4326","-115.1606075","35.26199","lucialayritz","true","2026","7","19","placemark.csv","POND","29-Aug-2021","4","high","High confidence","medium","Medium (shrub cover)","0","high","High confidence","low","Low (mostly bare ground)",,,
"pond_2021_inside_14","EPSG:4326","-115.1545619","35.2568575","lucialayritz","true","2026","7","19","placemark.csv","POND","29-Aug-2021","13","medium","Medium confidence","medium","Medium (shrub cover)","0","high","High confidence","low","Low (mostly bare ground)",,,
"pond_2021_inside_15","EPSG:4326","-115.1688811","35.2650576","lucialayritz","true","2026","7","19","placemark.csv","POND","29-Aug-2021","10","medium","Medium confidence","medium","Medium (shrub cover)","0","high","High confidence","low","Low (mostly bare ground)",,,
"dome_2020_inside_01","EPSG:4326","-115.528734","35.2488459","lucialayritz","true","2026","7","19","placemark.csv","DOME","14-Aug-2020","15","medium","Medium confidence","medium","Medium (shrub cover)","0","high","High confidence","low","Low (mostly bare ground)",,,
"dome_2020_outside_01","EPSG:4326","-115.5284768","35.2480176","lucialayritz","true","2026","7","19","placemark.csv","DOME","14-Aug-2020","13","medium","Medium confidence","medium","Medium (shrub cover)","16","medium","Medium confidence","medium","Medium (shrub cover)",,,
"dome_2020_inside_02","EPSG:4326","-115.5266972","35.2491702","lucialayritz","true","2026","7","19","placemark.csv","DOME","14-Aug-2020","13","medium","Medium confidence","medium","Medium (shrub cover)","0","medium","Medium confidence","medium","Medium (shrub cover)",,,
"dome_2020_outside_02","EPSG:4326","-115.5267609","35.248317","lucialayritz","true","2026","7","19","placemark.csv","DOME","14-Aug-2020","13","medium","Medium confidence","medium","Medium (shrub cover)","4","medium","Medium confidence","medium","Medium (shrub cover)",,,
"dome_2020_inside_03","EPSG:4326","-115.5094463","35.2450384","lucialayritz","true","2026","7","19","placemark.csv","DOME","14-Aug-2020","10","medium","Medium confidence","medium","Medium (shrub cover)","1","high","High confidence","low","Low (mostly bare ground)",,,
"dome_2020_outside_03","EPSG:4326","-115.5097406","35.2442183","lucialayritz","true","2026","7","19","placemark.csv","DOME","14-Aug-2020","13","medium","Medium confidence","medium","Medium (shrub cover)","12","medium","Medium confidence","medium","Medium (shrub cover)",,,
"dome_2020_inside_04","EPSG:4326","-115.5356461","35.3719517","lucialayritz","true","2026","7","19","placemark.csv","DOME","14-Aug-2020","10",,,"medium","Medium (shrub cover)","1","medium","Medium confidence","low","Low (mostly bare ground)",,,
"dome_2020_outside_04","EPSG:4326","-115.5347265","35.3715474","lucialayritz","true","2026","7","19","placemark.csv","DOME","14-Aug-2020","5","medium","Medium confidence","medium","Medium (shrub cover)","4","medium","Medium confidence","medium","Medium (shrub cover)",,,
"dome_2020_outside_05","EPSG:4326","-115.6637314","35.2552384","lucialayritz","true","2026","7","19","placemark.csv","DOME","14-Aug-2020","22","medium","Medium confidence","medium","Medium (shrub cover)","19","medium","Medium confidence","medium","Medium (shrub cover)",,,
"dome_2020_inside_05","EPSG:4326","-115.6633666","35.2560393","lucialayritz","true","2026","7","19","placemark.csv","DOME","14-Aug-2020","12","medium","Medium confidence","medium","Medium (shrub cover)","1","medium","Medium confidence","low","Low (mostly bare ground)",,,
"dome_2020_inside_06","EPSG:4326","-115.5771932","35.2840533","lucialayritz","true","2026","7","19","placemark.csv","DOME","14-Aug-2020","1","medium","Medium confidence","high","High (tree and shrub cover)","1","medium","Medium confidence","high","High (tree and shrub cover)","did this burn?",,
"dome_2020_inside_07","EPSG:4326","-115.5290412","35.2715599","lucialayritz","true","2026","7","19","placemark.csv","DOME","14-Aug-2020","4","low","Low Confidence","medium","Medium (shrub cover)","0","high","High confidence","low","Low (mostly bare ground)",,,
"dome_2020_inside_08","EPSG:4326","-115.5031753","35.2892861","lucialayritz","true","2026","7","19","placemark.csv","DOME","14-Aug-2020","3","low","Low Confidence","medium","Medium (shrub cover)","1","medium","Medium confidence","low","Low (mostly bare ground)",,,
"dome_2020_inside_09","EPSG:4326","-115.6587435","35.2961985","lucialayritz","true","2026","7","19","placemark.csv","DOME","14-Aug-2020","13","medium","Medium confidence","medium","Medium (shrub cover)","0","high","High confidence","low","Low (mostly bare ground)",,,
"dome_2020_inside_10","EPSG:4326","-115.6096871","35.3273617","lucialayritz","true","2026","7","19","placemark.csv","DOME","14-Aug-2020","20","low","Low Confidence","medium","Medium (shrub cover)","0","high","High confidence","low","Low (mostly bare ground)",,,
"dome_2020_inside_11","EPSG:4326","-115.6032664","35.2785834","lucialayritz","true","2026","7","19","placemark.csv","DOME","14-Aug-2020","6","low","Low Confidence","high","High (tree and shrub cover)","0",,,"low","Low (mostly bare ground)","very unsure with pre-counts, could all be yuccas as well",,
"dome_2020_inside_12","EPSG:4326","-115.5438489","35.2441107","lucialayritz","true","2026","7","19","placemark.csv","DOME","14-Aug-2020","18","medium","Medium confidence","medium","Medium (shrub cover)","0","medium","Medium confidence","low","Low (mostly bare ground)",,,
"dome_2020_inside_13","EPSG:4326","-115.6318877","35.2718899","lucialayritz","true","2026","7","19","placemark.csv","DOME","14-Aug-2020","12","low","Low Confidence","medium","Medium (shrub cover)","0","low","Low Confidence","low","Low (mostly bare ground)","I conted the trees from post-fire image (2021) because I could not see anything between the shrubs",,
"dome_2020_inside_14","EPSG:4326","-115.52066","35.3302676","lucialayritz","true","2026","7","19","placemark.csv","DOME","14-Aug-2020",,,,,,,,,,,"rocks","unsuitable","Flag as unsuitable"
"dome_2020_inside_15","EPSG:4326","-115.5586955","35.3340398","lucialayritz","true","2026","7","19","placemark.csv","DOME","14-Aug-2020","12","medium","Medium confidence","high","High (tree and shrub cover)","1","medium","Medium confidence","low","Low (mostly bare ground)",,,
"nadeau_2020_inside_01","EPSG:4326","-117.4598391","36.0387271","lucialayritz","true","2026","7","20","placemark.csv","NADEAU","28-Jul-2020","19","medium","Medium confidence","medium","Medium (shrub cover)","0","medium","Medium confidence","low","Low (mostly bare ground)","Post-fire image is bad and I am not sure if trees are dead because the ate still standing three years after the fire but outside of the burn scar they seem greener","unsuitable","Flag as unsuitable"
"nadeau_2020_outside_01","EPSG:4326","-117.4599844","36.0379954","lucialayritz","true","2026","7","20","placemark.csv","NADEAU","28-Jul-2020","11","high","High confidence","medium","Medium (shrub cover)","0","medium","Medium confidence","medium","Medium (shrub cover)","I know these should be alive but they look dead to me ..","unsuitable","Flag as unsuitable"
"ivanpah_2020_inside_01","EPSG:4326","-115.1907748","35.2025733","lucialayritz","true","2026","7","19","placemark.csv","IVANPAH","21-Jun-2020","8","medium","Medium confidence","high","High (tree and shrub cover)","4","low","Low Confidence","low","Low (mostly bare ground)",,,
"ivanpah_2020_outside_01","EPSG:4326","-115.1905441","35.2034069","lucialayritz","true","2026","7","19","placemark.csv","IVANPAH","21-Jun-2020","15","medium","Medium confidence","medium","Medium (shrub cover)","15","high","High confidence","medium","Medium (shrub cover)",,,
"ivanpah_2020_inside_02","EPSG:4326","-115.1782682","35.2003174","lucialayritz","true","2026","7","19","placemark.csv","IVANPAH","21-Jun-2020","8","low","Low Confidence","medium","Medium (shrub cover)","9","high","High confidence","medium","Medium (shrub cover)",,,
"ivanpah_2020_outside_02","EPSG:4326","-115.1781127","35.2011626","lucialayritz","true","2026","7","19","placemark.csv","IVANPAH","21-Jun-2020","7","medium","Medium confidence","medium","Medium (shrub cover)","9","medium","Medium confidence","medium","Medium (shrub cover)",,,
"ivanpah_2020_inside_03","EPSG:4326","-115.1885472","35.1997041","lucialayritz","true","2026","7","19","placemark.csv","IVANPAH","21-Jun-2020","5","medium","Medium confidence","medium","Medium (shrub cover)","2","low","Low Confidence","medium","Medium (shrub cover)",,,
"ivanpah_2020_outside_03","EPSG:4326","-115.1879069","35.2003783","lucialayritz","true","2026","7","19","placemark.csv","IVANPAH","21-Jun-2020","3","medium","Medium confidence","medium","Medium (shrub cover)","3","medium","Medium confidence","medium","Medium (shrub cover)",,,
"ivanpah_2020_inside_04","EPSG:4326","-115.1707035","35.1822705","lucialayritz","true","2026","7","19","placemark.csv","IVANPAH","21-Jun-2020","10","medium","Medium confidence","medium","Medium (shrub cover)","11","medium","Medium confidence","medium","Medium (shrub cover)","did this burn?",,
"ivanpah_2020_outside_04","EPSG:4326","-115.1697068","35.1825176","lucialayritz","true","2026","7","19","placemark.csv","IVANPAH","21-Jun-2020","3","low","Low Confidence","high","High (tree and shrub cover)","3","low","Low Confidence","high","High (tree and shrub cover)","really hard to see anything here",,
"ivanpah_2020_inside_05","EPSG:4326","-115.1856792","35.1991458","lucialayritz","true","2026","7","19","placemark.csv","IVANPAH","21-Jun-2020","6","low","Low Confidence","high","High (tree and shrub cover)","0",,,"low","Low (mostly bare ground)","counted pre-fire trees from pist-fire images, can't see them between the shrubs",,
"ivanpah_2020_outside_05","EPSG:4326","-115.1858427","35.19999","lucialayritz","true","2026","7","19","placemark.csv","IVANPAH","21-Jun-2020","14","low","Low Confidence","high","High (tree and shrub cover)","1","low","Low Confidence","high","High (tree and shrub cover)","Not sure if they're dead or just can't see anything",,
"nadeau_2020_outside_02","EPSG:4326","-117.472272","36.0485933","lucialayritz","false","2026","7","20","placemark.csv","NADEAU","28-Jul-2020","11","medium","Medium confidence","medium","Medium (shrub cover)",,,,,,,,
"ivanpah_2020_inside_06","EPSG:4326","-115.1737221","35.1839058","lucialayritz","true","2026","7","20","placemark.csv","IVANPAH","21-Jun-2020","3","high","High confidence","medium","Medium (shrub cover)","1","low","Low Confidence",,,"Top right one looks like it has a canopy from the shadow but I can't see green ..",,
"ivanpah_2020_inside_07","EPSG:4326","-115.1775119","35.1849862","lucialayritz","true","2026","7","20","placemark.csv","IVANPAH","21-Jun-2020","2","high","High confidence","medium","Medium (shrub cover)","0",,,"medium","Medium (shrub cover)",,,
"ivanpah_2020_inside_08","EPSG:4326","-115.1869318","35.1928752","lucialayritz","true","2026","7","20","placemark.csv","IVANPAH","21-Jun-2020","6","medium","Medium confidence","medium","Medium (shrub cover)","2","medium","Medium confidence","low","Low (mostly bare ground)",,,
"ivanpah_2020_inside_09","EPSG:4326","-115.1736666","35.1816242","lucialayritz","true","2026","7","20","placemark.csv","IVANPAH","21-Jun-2020","7","medium","Medium confidence","medium","Medium (shrub cover)","1","medium","Medium confidence","medium","Medium (shrub cover)",,,
"ivanpah_2020_inside_10","EPSG:4326","-115.1862885","35.1856621","lucialayritz","true","2026","7","20","placemark.csv","IVANPAH","21-Jun-2020","10","medium","Medium confidence","medium","Medium (shrub cover)","1","medium","Medium confidence","low","Low (mostly bare ground)",,,
"ivanpah_2020_inside_11","EPSG:4326","-115.1776305","35.1805051","lucialayritz","true","2026","7","20","placemark.csv","IVANPAH","21-Jun-2020","5","high","High confidence","medium","Medium (shrub cover)","5","high","High confidence","medium","Medium (shrub cover)","Hit an unburned islands",,
"ivanpah_2020_inside_12","EPSG:4326","-115.1776115","35.1959486","lucialayritz","true","2026","7","20","placemark.csv","IVANPAH","21-Jun-2020","7","high","High confidence","medium","Medium (shrub cover)","0","high","High confidence","low","Low (mostly bare ground)","Included the one at the bottom border",,
"ivanpah_2020_inside_15","EPSG:4326","-115.1932347","35.1908077","lucialayritz","true","2026","7","20","placemark.csv","IVANPAH","21-Jun-2020","7","medium","Medium confidence","medium","Medium (shrub cover)","2",,,"medium","Medium (shrub cover)","partially unburned, unsure how we want to treat it?",,
"ivanpah_2020_inside_13","EPSG:4326","-115.1921628","35.1917288","lucialayritz","true","2026","7","20","placemark.csv","IVANPAH","21-Jun-2020","8","low","Low Confidence","medium","Medium (shrub cover)","0","high","High confidence","low","Low (mostly bare ground)","Honest count of what I can see from pre-fire imagery even though post-fire image shows I am undercounting",,
"ivanpah_2020_inside_14","EPSG:4326","-115.1913424","35.2004511","lucialayritz","true","2026","7","20","placemark.csv","IVANPAH","21-Jun-2020","3","medium","Medium confidence","medium","Medium (shrub cover)","2",,,"medium","Medium (shrub cover)",,,
"star_2019_inside_01","EPSG:4326","-115.4930356","35.2694185","lucialayritz","true","2026","7","20","placemark.csv","STAR","24-Aug-2019","10","medium","Medium confidence","medium","Medium (shrub cover)","0","high","High confidence","low","Low (mostly bare ground)",,,
"star_2019_outside_01","EPSG:4326","-115.4933227","35.2685966","lucialayritz","true","2026","7","20","placemark.csv","STAR","24-Aug-2019","1","low","Low Confidence","medium","Medium (shrub cover)","3","medium","Medium confidence","medium","Medium (shrub cover)","Honest count, I would have counted the other ones as dead if it had been inside the burn scar",,
"star_2019_outside_02","EPSG:4326","-115.4938414","35.2720434","lucialayritz","true","2026","7","20","placemark.csv","STAR","24-Aug-2019","16","low","Low Confidence","medium","Medium (shrub cover)","15","medium","Medium confidence","medium","Medium (shrub cover)",,,
"star_2019_inside_07","EPSG:4326","-115.4951312","35.270039","lucialayritz","true","2026","7","20","placemark.csv","STAR","24-Aug-2019","7","medium","Medium confidence","medium","Medium (shrub cover)","0","high","High confidence","low","Low (mostly bare ground)",,,
"star_2019_inside_13","EPSG:4326","-115.4912027","35.27151","lucialayritz","true","2026","7","20","placemark.csv","STAR","24-Aug-2019","6","medium","Medium confidence","medium","Medium (shrub cover)","0","low","Low Confidence","medium","Medium (shrub cover)",,,
"star_2019_inside_03","EPSG:4326","-115.4904848","35.2718222","lucialayritz","true","2026","7","20","placemark.csv","STAR","24-Aug-2019","8","low","Low Confidence","medium","Medium (shrub cover)","1","high","High confidence","low","Low (mostly bare ground)","I am missing a lof of trees I think, just can't see them",,
