"plot_id","fire","fire_year","location","status","resolved_via_4th","resolved_by_joint_review","pre_fire","pre_fire_source","post_fire","post_fire_source","pre_veg","pre_veg_source","post_veg","post_veg_source","mortality_pct","review_note"
"boulevard_2023_inside_01","BOULEVARD",2023,"Inside","Accepted",FALSE,FALSE,5,"primary",2,"primary","medium","primary","low","primary",60,
"boulevard_2023_outside_01","BOULEVARD",2023,"Outside","Needs 4th review",FALSE,FALSE,,"primary",,"primary","medium","primary","medium","primary",,
"cahuila_2017_inside_01","CAHUILA",2017,"Inside","Accepted",FALSE,FALSE,5,"primary",3,"primary","low","primary","low","primary",40,
"cahuila_2017_inside_05","CAHUILA",2017,"Inside","Accepted",FALSE,FALSE,2,"primary",1,"primary","low","primary","low","primary",50,
"cahuila_2017_outside_01","CAHUILA",2017,"Outside","Incomplete",FALSE,FALSE,,"primary",,"primary",,"primary",,"primary",,
"cal_2024_inside_01","CAL",2024,"Inside","Accepted",FALSE,FALSE,2,"primary",1,"primary","high","primary","low","primary",50,
"coles_flat_2020_inside_01","COLES FLAT",2020,"Inside","Needs 4th review",FALSE,FALSE,,"primary",,"primary","medium","primary","low","primary",,
"coles_flat_2020_inside_06","COLES FLAT",2020,"Inside","Needs 4th review",FALSE,FALSE,4,"primary",,"primary","medium","primary","low","primary",,
"coles_flat_2020_outside_01","COLES FLAT",2020,"Outside","Incomplete",FALSE,FALSE,,"primary",,"primary",,"primary",,"primary",,
"dome_2020_inside_01","DOME",2020,"Inside","Needs 4th review",FALSE,FALSE,,"primary",,"primary","medium","primary","low","primary",,
"dome_2020_inside_06","DOME",2020,"Inside","Excluded",FALSE,FALSE,,"primary",,"primary",,"primary",,"primary",,
"dome_2020_outside_01","DOME",2020,"Outside","Needs 4th review",FALSE,FALSE,,"primary",,"primary","medium","primary","medium","primary",,
"elk_trail_2022_inside_01","ELK TRAIL",2022,"Inside","Needs 4th review",FALSE,FALSE,,"primary",,"primary","high","primary","low","primary",,
"elk_trail_2022_inside_05","ELK TRAIL",2022,"Inside","Needs 4th review",FALSE,FALSE,,"primary",,"primary","high","primary","low","primary",,
"elk_trail_2022_outside_01","ELK TRAIL",2022,"Outside","Accepted",FALSE,FALSE,3,"primary",3,"primary","high","primary","high","primary",,
"geology_2023_inside_01","GEOLOGY",2023,"Inside","Needs 4th review",FALSE,FALSE,,"primary",2,"primary","medium","primary","low","primary",,
"geology_2023_inside_06","GEOLOGY",2023,"Inside","Needs 4th review",FALSE,FALSE,3,"primary",3,"primary",,"primary","low","primary",0,
"geology_2023_outside_01","GEOLOGY",2023,"Outside","Accepted",FALSE,FALSE,4,"primary",3,"primary","medium","primary","medium","primary",,
"ivanpah_2020_inside_01","IVANPAH",2020,"Inside","Incomplete",FALSE,FALSE,,"primary",,"primary",,"primary",,"primary",,
"ivanpah_2020_inside_06","IVANPAH",2020,"Inside","Needs 4th review",FALSE,FALSE,3,"primary",,"primary","medium","primary","low","primary",,
"ivanpah_2020_outside_01","IVANPAH",2020,"Outside","Needs 4th review",FALSE,FALSE,,"primary",,"primary","medium","primary","medium","primary",,
"johnson_2024_inside_01","JOHNSON",2024,"Inside","Excluded",FALSE,FALSE,,"primary",,"primary",,"primary",,"primary",,
"johnson_2024_inside_05","JOHNSON",2024,"Inside","Needs 4th review",FALSE,FALSE,,"primary",0,"primary","medium","primary","low","primary",,
"johnson_2024_outside_01","JOHNSON",2024,"Outside","Incomplete",FALSE,FALSE,,"primary",,"primary",,"primary",,"primary",,
"mojave_2021_inside_01","MOJAVE",2021,"Inside","Needs 4th review",FALSE,FALSE,,"primary",,"primary","medium","primary","low","primary",,
"mojave_2021_inside_06","MOJAVE",2021,"Inside","Accepted",FALSE,FALSE,4,"primary",3,"primary","medium","primary","low","primary",25,
"mojave_2021_outside_01","MOJAVE",2021,"Outside","Incomplete",FALSE,FALSE,9,"primary",,"primary",,"primary","low","primary",,
"nadeau_2020_inside_01","NADEAU",2020,"Inside","Needs 4th review",FALSE,FALSE,,"primary",,"primary","medium","primary","low","primary",,
"nadeau_2020_inside_05","NADEAU",2020,"Inside","Needs 4th review",FALSE,FALSE,,"primary",,"primary","medium","primary","low","primary",,
"nadeau_2020_outside_01","NADEAU",2020,"Outside","Needs 4th review",FALSE,FALSE,,"primary",8,"primary","medium","primary","medium","primary",,
"pond_2021_inside_01","POND",2021,"Inside","Needs 4th review",FALSE,FALSE,,"primary",,"primary","high","primary","low","primary",,
"pond_2021_inside_06","POND",2021,"Inside","Needs 4th review",FALSE,FALSE,,"primary",,"primary","medium","primary","low","primary",,
"pond_2021_outside_01","POND",2021,"Outside","Needs 4th review",FALSE,FALSE,,"primary",,"primary","high","primary","medium","primary",,
"quail_2012_inside_01","QUAIL",2012,"Inside","Needs 4th review",FALSE,FALSE,,"primary",,"primary",,"primary","low","primary",,
"quail_2012_inside_03","QUAIL",2012,"Inside","Needs 4th review",FALSE,FALSE,,"primary",,"primary",,"primary","low","primary",,
"quail_2012_outside_01","QUAIL",2012,"Outside","Needs 4th review",FALSE,FALSE,5,"primary",,"primary","medium","primary","medium","primary",,
"sheep_2022_inside_01","SHEEP",2022,"Inside","Needs 4th review",FALSE,FALSE,,"primary",,"primary","high","primary","low","primary",,
"star_2019_inside_01","STAR",2019,"Inside","Incomplete",FALSE,FALSE,,"primary",,"primary",,"primary","low","primary",,
"star_2019_inside_06","STAR",2019,"Inside","Incomplete",FALSE,FALSE,,"primary",,"primary",,"primary","medium","primary",,
"star_2019_outside_01","STAR",2019,"Outside","Needs 4th review",FALSE,FALSE,,"primary",,"primary","medium","primary","medium","primary",,
"york_2023_inside_01","YORK",2023,"Inside","Incomplete",FALSE,FALSE,,"primary",,"primary",,"primary",,"primary",,
"york_2023_inside_06","YORK",2023,"Inside","Needs 4th review",FALSE,FALSE,7,"primary",,"primary","low","primary","low","primary",,
"york_2023_outside_01","YORK",2023,"Outside","Incomplete",FALSE,FALSE,,"primary",,"primary",,"primary",,"primary",,
